scenario,experiment,model,horizon,seed,sample_count,unique_hours,unique_dates,independent_events,MAE,RMSE,sMAPE,R2
S1_dry,E1_traffic_only,E1_traffic_only_xgboost,1,42,5492,168,13,17,1.2107455814136525,2.8351617430857208,1.5748417756404132,0.9696531973899029
S1_dry,E1_traffic_only,E1_traffic_only_xgboost,1,2025,5492,168,13,17,1.2124054620959974,2.845786424665882,1.574067182549554,0.9694253237917881
S1_dry,E1_traffic_only,E1_traffic_only_xgboost,1,20260623,5492,168,13,17,1.2129716208676282,2.838273623089591,1.5743516546141252,0.9695865433904802
S1_dry,E1_traffic_only,E1_traffic_only_xgboost,1,20260715,5492,168,13,17,1.205795444924729,2.8228715942013753,1.567326462858416,0.9699157279746335
S1_dry,E1_traffic_only,E1_traffic_only_xgboost,1,20260718,5492,168,13,17,1.20658568020844,2.821502786731155,1.5683822017779212,0.9699448965648042
S1_dry,E3_meteorology,E3_meteorology_aware_xgboost,1,42,5492,168,13,17,1.2197853770467892,2.875816763554934,1.581081562981315,0.9687766367420984
S1_dry,E3_meteorology,E3_meteorology_aware_xgboost,1,2025,5492,168,13,17,1.2239625087551886,2.8710052625937745,1.584813991096911,0.968881028349391
S1_dry,E3_meteorology,E3_meteorology_aware_xgboost,1,20260623,5492,168,13,17,1.2168264426082975,2.877806205119297,1.5798805857849787,0.968733422206876
S1_dry,E3_meteorology,E3_meteorology_aware_xgboost,1,20260715,5492,168,13,17,1.2266037307279902,2.874733535815265,1.5898300396574405,0.9688001539868705
S1_dry,E3_meteorology,E3_meteorology_aware_xgboost,1,20260718,5492,168,13,17,1.2091763066446704,2.874485101026934,1.5672877876094753,0.9688055463421041
S1_dry,E4_atmospheric,E4_atmospheric_context_xgboost,1,42,5492,168,13,17,1.3923053277004804,2.908352088462142,1.7637303226866563,0.9680661542664091
S1_dry,E4_atmospheric,E4_atmospheric_context_xgboost,1,2025,5492,168,13,17,1.4493675834839135,2.9277704024834166,1.819699209223491,0.9676383026488278
S1_dry,E4_atmospheric,E4_atmospheric_context_xgboost,1,20260623,5492,168,13,17,1.3960240868116705,2.9003128117342354,1.7662412466623898,0.9682424535554568
S1_dry,E4_atmospheric,E4_atmospheric_context_xgboost,1,20260715,5492,168,13,17,1.3943875254227946,2.8898669557999934,1.7645809428478147,0.9684707995190994
S1_dry,E4_atmospheric,E4_atmospheric_context_xgboost,1,20260718,5492,168,13,17,1.3836131915272831,2.8755616654052565,1.757059102870983,0.9687821758077494
S1_dry,E5_full_fusion,E5_full_fusion_xgboost,1,42,5492,168,13,17,1.315603939333307,2.881260524302558,1.6837764036233938,0.968658316690753
S1_dry,E5_full_fusion,E5_full_fusion_xgboost,1,2025,5492,168,13,17,1.2828160351009792,2.8869113588463615,1.649826553951862,0.9685352592030477
S1_dry,E5_full_fusion,E5_full_fusion_xgboost,1,20260623,5492,168,13,17,1.3056785162573563,2.879696541762906,1.674232549962168,0.9686923327342939
S1_dry,E5_full_fusion,E5_full_fusion_xgboost,1,20260715,5492,168,13,17,1.2960596721303728,2.8666333926479646,1.6689375357920089,0.9689757300303313
S1_dry,E5_full_fusion,E5_full_fusion_xgboost,1,20260718,5492,168,13,17,1.2841502122723902,2.871277937046072,1.6462964564234972,0.9688751170042531
S2_rain,E1_traffic_only,E1_traffic_only_xgboost,1,42,8149,214,13,13,0.8547324823134612,2.1494453552916135,1.1429605568081056,0.9818163581970416
S2_rain,E1_traffic_only,E1_traffic_only_xgboost,1,2025,8149,214,13,13,0.852146343356501,2.1436492783448857,1.1429722415545303,0.9819142920079549
S2_rain,E1_traffic_only,E1_traffic_only_xgboost,1,20260623,8149,214,13,13,0.8619048052079479,2.1510904695928326,1.1508183047611955,0.9817885132306535
S2_rain,E1_traffic_only,E1_traffic_only_xgboost,1,20260715,8149,214,13,13,0.862954706577512,2.1416281942420388,1.1513139519396536,0.9819483792123131
S2_rain,E1_traffic_only,E1_traffic_only_xgboost,1,20260718,8149,214,13,13,0.8569698346379432,2.1533006433935995,1.1433188544167308,0.9817510706130137
S2_rain,E3_meteorology,E3_meteorology_aware_xgboost,1,42,8149,214,13,13,0.9028297546027203,2.1739260187106657,1.2031419801757022,0.9813998018310335
S2_rain,E3_meteorology,E3_meteorology_aware_xgboost,1,2025,8149,214,13,13,0.9057917595026698,2.166637642477536,1.2036283474571625,0.9815243120405301
S2_rain,E3_meteorology,E3_meteorology_aware_xgboost,1,20260623,8149,214,13,13,0.9069632623797083,2.183150250601308,1.2080718897359348,0.9812416211558879
S2_rain,E3_meteorology,E3_meteorology_aware_xgboost,1,20260715,8149,214,13,13,0.9058481328232955,2.166013280136225,1.2059094514892212,0.9815349588247115
S2_rain,E3_meteorology,E3_meteorology_aware_xgboost,1,20260718,8149,214,13,13,0.9038509379663208,2.1698429795567815,1.2045298783451084,0.9814696055106212
S2_rain,E4_atmospheric,E4_atmospheric_context_xgboost,1,42,8149,214,13,13,1.045872816222428,2.2018389348775886,1.3527819094478948,0.9809190873032696
S2_rain,E4_atmospheric,E4_atmospheric_context_xgboost,1,2025,8149,214,13,13,1.0327633964653107,2.2145533598592766,1.336668543199978,0.9806980872300446
S2_rain,E4_atmospheric,E4_atmospheric_context_xgboost,1,20260623,8149,214,13,13,1.0555355696959616,2.2101986283652395,1.3603731512712378,0.9807739237447896
S2_rain,E4_atmospheric,E4_atmospheric_context_xgboost,1,20260715,8149,214,13,13,1.032638112457222,2.2031250282228108,1.3370557449750573,0.9808967904846371
S2_rain,E4_atmospheric,E4_atmospheric_context_xgboost,1,20260718,8149,214,13,13,1.035006470289553,2.2083388293712867,1.3404731964885448,0.98080626617129
S2_rain,E5_full_fusion,E5_full_fusion_xgboost,1,42,8149,214,13,13,1.1130980492223332,2.247901838739305,1.4305362652591855,0.9801123835555332
S2_rain,E5_full_fusion,E5_full_fusion_xgboost,1,2025,8149,214,13,13,1.0711009474772393,2.2442641787720032,1.3875428546506705,0.9801766976188997
S2_rain,E5_full_fusion,E5_full_fusion_xgboost,1,20260623,8149,214,13,13,1.065116942742707,2.2376866132273987,1.379967487589527,0.9802927249543615
S2_rain,E5_full_fusion,E5_full_fusion_xgboost,1,20260715,8149,214,13,13,1.075841270025783,2.2370426240787857,1.3911032059291422,0.9803040665291625
S2_rain,E5_full_fusion,E5_full_fusion_xgboost,1,20260718,8149,214,13,13,1.082564362111538,2.227409418228374,1.3987565997875937,0.980473331485378
S3_widespread_rain,E1_traffic_only,E1_traffic_only_xgboost,1,42,8035,160,13,14,0.9076985095343978,2.273303499946558,1.2384183572167105,0.9808652156724382
S3_widespread_rain,E1_traffic_only,E1_traffic_only_xgboost,1,2025,8035,160,13,14,0.9053010567311206,2.273157052441361,1.2387087590289563,0.9808676809404205
S3_widespread_rain,E1_traffic_only,E1_traffic_only_xgboost,1,20260623,8035,160,13,14,0.9177757173612192,2.2829690628528168,1.2500215728066466,0.9807021563706324
S3_widespread_rain,E1_traffic_only,E1_traffic_only_xgboost,1,20260715,8035,160,13,14,0.9147960305030949,2.2650586332359968,1.2452110677622612,0.9810037608828088
S3_widespread_rain,E1_traffic_only,E1_traffic_only_xgboost,1,20260718,8035,160,13,14,0.9094622820142245,2.2777787310946502,1.23737701125731,0.9807898039457605
S3_widespread_rain,E3_meteorology,E3_meteorology_aware_xgboost,1,42,8035,160,13,14,0.9639356352436768,2.3322689047855016,1.306869445267548,0.9798596981819793
S3_widespread_rain,E3_meteorology,E3_meteorology_aware_xgboost,1,2025,8035,160,13,14,0.9673449589923763,2.328033791698111,1.3086939922739977,0.9799327763863915
S3_widespread_rain,E3_meteorology,E3_meteorology_aware_xgboost,1,20260623,8035,160,13,14,0.9735364884267925,2.344349887731433,1.3194376900717604,0.9796505071934556
S3_widespread_rain,E3_meteorology,E3_meteorology_aware_xgboost,1,20260715,8035,160,13,14,0.9677265375972511,2.326268682625292,1.3114407373341221,0.9799631946823801
S3_widespread_rain,E3_meteorology,E3_meteorology_aware_xgboost,1,20260718,8035,160,13,14,0.966164038863278,2.329930159196917,1.310574285624307,0.9799000703920703
S3_widespread_rain,E4_atmospheric,E4_atmospheric_context_xgboost,1,42,8035,160,13,14,1.0939056143912012,2.346989649756224,1.4416125369785397,0.9796046539170116
S3_widespread_rain,E4_atmospheric,E4_atmospheric_context_xgboost,1,2025,8035,160,13,14,1.0868182420522885,2.3591944416207418,1.4322376585988978,0.9793919830412892
S3_widespread_rain,E4_atmospheric,E4_atmospheric_context_xgboost,1,20260623,8035,160,13,14,1.1056234895666217,2.3517945218403846,1.4528213854658234,0.9795210597339624
S3_widespread_rain,E4_atmospheric,E4_atmospheric_context_xgboost,1,20260715,8035,160,13,14,1.0833582563386421,2.340821454893157,1.429706872773488,0.9797117163033375
S3_widespread_rain,E4_atmospheric,E4_atmospheric_context_xgboost,1,20260718,8035,160,13,14,1.087967452638947,2.3546601809466146,1.4358868440670394,0.9794711221945032
S3_widespread_rain,E5_full_fusion,E5_full_fusion_xgboost,1,42,8035,160,13,14,1.168368092386388,2.398775709889228,1.5271230062234595,0.9786946822637784
S3_widespread_rain,E5_full_fusion,E5_full_fusion_xgboost,1,2025,8035,160,13,14,1.1271267715704145,2.3997185923504003,1.4848997456897977,0.9786779300860754
S3_widespread_rain,E5_full_fusion,E5_full_fusion_xgboost,1,20260623,8035,160,13,14,1.1188955997387124,2.391633641198866,1.4747468979263503,0.9788213614834884
S3_widespread_rain,E5_full_fusion,E5_full_fusion_xgboost,1,20260715,8035,160,13,14,1.136064808245542,2.396593650019336,1.4940428616715677,0.9787334256393657
S3_widespread_rain,E5_full_fusion,E5_full_fusion_xgboost,1,20260718,8035,160,13,14,1.1410381769585032,2.3870095686330197,1.4984228370283825,0.978903177433404
S4_post_rain_1_3h,E1_traffic_only,E1_traffic_only_xgboost,1,42,2268,123,13,24,1.5941864301848592,3.3762300743346687,2.0504780882039464,0.9601162232483077
S4_post_rain_1_3h,E1_traffic_only,E1_traffic_only_xgboost,1,2025,2268,123,13,24,1.5963025835946614,3.4037883548613843,2.053064473290763,0.9594624679833187
S4_post_rain_1_3h,E1_traffic_only,E1_traffic_only_xgboost,1,20260623,2268,123,13,24,1.604034412054368,3.4019460531165793,2.062209922348098,0.9595063380170876
S4_post_rain_1_3h,E1_traffic_only,E1_traffic_only_xgboost,1,20260715,2268,123,13,24,1.586137148718635,3.3642656756401563,2.040785204729924,0.9603983959032291
S4_post_rain_1_3h,E1_traffic_only,E1_traffic_only_xgboost,1,20260718,2268,123,13,24,1.590008935810607,3.364352275356695,2.048286581043145,0.9603963571035865
S4_post_rain_1_3h,E3_meteorology,E3_meteorology_aware_xgboost,1,42,2268,123,13,24,1.580042537417852,3.481798746698404,2.0414356762079984,0.9575830401935999
S4_post_rain_1_3h,E3_meteorology,E3_meteorology_aware_xgboost,1,2025,2268,123,13,24,1.5931731879465865,3.4699292923646237,2.0581928280575807,0.95787174614458
S4_post_rain_1_3h,E3_meteorology,E3_meteorology_aware_xgboost,1,20260623,2268,123,13,24,1.5806506558911089,3.488025157128341,2.0454019457897057,0.9574311982483317
S4_post_rain_1_3h,E3_meteorology,E3_meteorology_aware_xgboost,1,20260715,2268,123,13,24,1.5943134931309795,3.478478080090004,2.0599858171949514,0.9576639095517836
S4_post_rain_1_3h,E3_meteorology,E3_meteorology_aware_xgboost,1,20260718,2268,123,13,24,1.5757547145307518,3.486605192064624,2.0361495277690596,0.9574658504683298
S4_post_rain_1_3h,E4_atmospheric,E4_atmospheric_context_xgboost,1,42,2268,123,13,24,1.786366383655151,3.4954612030897083,2.255131346745299,0.9572495017477114
S4_post_rain_1_3h,E4_atmospheric,E4_atmospheric_context_xgboost,1,2025,2268,123,13,24,1.7810079085693717,3.4787062352896334,2.2492258838489296,0.9576583556769445
S4_post_rain_1_3h,E4_atmospheric,E4_atmospheric_context_xgboost,1,20260623,2268,123,13,24,1.7706746628955838,3.488279908401459,2.236458336223662,0.9574249799144777
S4_post_rain_1_3h,E4_atmospheric,E4_atmospheric_context_xgboost,1,20260715,2268,123,13,24,1.756458424316442,3.450954747619667,2.223416549212733,0.9583312245929164
S4_post_rain_1_3h,E4_atmospheric,E4_atmospheric_context_xgboost,1,20260718,2268,123,13,24,1.7555774753756692,3.4621257317470566,2.227930944836596,0.9580610184264634
S4_post_rain_1_3h,E5_full_fusion,E5_full_fusion_xgboost,1,42,2268,123,13,24,1.698596445270877,3.4866556759419063,2.1636061040779304,0.9574646187232868
S4_post_rain_1_3h,E5_full_fusion,E5_full_fusion_xgboost,1,2025,2268,123,13,24,1.6559584016031828,3.491972615056407,2.1207139070079752,0.957334792039978
S4_post_rain_1_3h,E5_full_fusion,E5_full_fusion_xgboost,1,20260623,2268,123,13,24,1.6649647953228555,3.4750315267355543,2.1238505784165156,0.9577477630670137
S4_post_rain_1_3h,E5_full_fusion,E5_full_fusion_xgboost,1,20260715,2268,123,13,24,1.6747894270289723,3.4690701929250523,2.142222682713331,0.9578926041367183
S4_post_rain_1_3h,E5_full_fusion,E5_full_fusion_xgboost,1,20260718,2268,123,13,24,1.6682495737272034,3.4791106086278094,2.1265594174277602,0.9576485113118027
S5_post_rain_4_6h,E1_traffic_only,E1_traffic_only_xgboost,1,42,1230,69,11,13,1.4357277272128801,3.2459046957131,1.7653897696573218,0.9524318408371791
S5_post_rain_4_6h,E1_traffic_only,E1_traffic_only_xgboost,1,2025,1230,69,11,13,1.4484817023135137,3.2540914107692114,1.7773441954555176,0.9521915885184186
S5_post_rain_4_6h,E1_traffic_only,E1_traffic_only_xgboost,1,20260623,1230,69,11,13,1.4305175977670728,3.226017599416645,1.7529303441285473,0.9530129389802087
S5_post_rain_4_6h,E1_traffic_only,E1_traffic_only_xgboost,1,20260715,1230,69,11,13,1.4316948747505662,3.2236555270927236,1.7624963522660715,0.9530817211247711
S5_post_rain_4_6h,E1_traffic_only,E1_traffic_only_xgboost,1,20260718,1230,69,11,13,1.4300921529547632,3.229866070735312,1.7556957430915388,0.9529007658686105
S5_post_rain_4_6h,E3_meteorology,E3_meteorology_aware_xgboost,1,42,1230,69,11,13,1.485255918011756,3.243802396614801,1.809150796956617,0.9524934385258413
S5_post_rain_4_6h,E3_meteorology,E3_meteorology_aware_xgboost,1,2025,1230,69,11,13,1.4887217534589898,3.2539966008366448,1.8085965332210137,0.9521943743321312
S5_post_rain_4_6h,E3_meteorology,E3_meteorology_aware_xgboost,1,20260623,1230,69,11,13,1.4796824292438786,3.2454114166548673,1.806838844039898,0.9524462975732921
S5_post_rain_4_6h,E3_meteorology,E3_meteorology_aware_xgboost,1,20260715,1230,69,11,13,1.502495842703636,3.2577866267136195,1.8297396714014265,0.9520829482330376
S5_post_rain_4_6h,E3_meteorology,E3_meteorology_aware_xgboost,1,20260718,1230,69,11,13,1.4752262952851085,3.252115559078642,1.7930409512586614,0.9522496284690153
S5_post_rain_4_6h,E4_atmospheric,E4_atmospheric_context_xgboost,1,42,1230,69,11,13,1.7160893452135204,3.317882818950241,2.04873568250124,0.9502987966669229
S5_post_rain_4_6h,E4_atmospheric,E4_atmospheric_context_xgboost,1,2025,1230,69,11,13,1.684519081219102,3.317287195587695,2.0261899779232713,0.9503166396965277
S5_post_rain_4_6h,E4_atmospheric,E4_atmospheric_context_xgboost,1,20260623,1230,69,11,13,1.681543883036792,3.2945355948179094,2.023146675725747,0.9509958088926669
S5_post_rain_4_6h,E4_atmospheric,E4_atmospheric_context_xgboost,1,20260715,1230,69,11,13,1.6895648412523554,3.303606520091346,2.02615348428007,0.9507255885307705
S5_post_rain_4_6h,E4_atmospheric,E4_atmospheric_context_xgboost,1,20260718,1230,69,11,13,1.635344017256243,3.242027247713863,1.977705303899281,0.9525454195870993
S5_post_rain_4_6h,E5_full_fusion,E5_full_fusion_xgboost,1,42,1230,69,11,13,1.585145470017017,3.2769612398984536,1.9179862017368001,0.95151722988588
S5_post_rain_4_6h,E5_full_fusion,E5_full_fusion_xgboost,1,2025,1230,69,11,13,1.5831358415970636,3.30649396450602,1.9219013898274309,0.9506394164637227
S5_post_rain_4_6h,E5_full_fusion,E5_full_fusion_xgboost,1,20260623,1230,69,11,13,1.6101229246392808,3.2973808536338742,1.950258007899384,0.9509111293920041
S5_post_rain_4_6h,E5_full_fusion,E5_full_fusion_xgboost,1,20260715,1230,69,11,13,1.5724131617765764,3.2513271131092885,1.9033360785756768,0.9522727789527575
S5_post_rain_4_6h,E5_full_fusion,E5_full_fusion_xgboost,1,20260718,1230,69,11,13,1.580643889057604,3.2729537069510046,1.9144986087651943,0.9516357405900757
S6_elevated_pm2_5,E1_traffic_only,E1_traffic_only_xgboost,1,42,2574,120,13,14,1.0368473571682495,2.3042243475326867,1.4726468768788343,0.9836991495802868
S6_elevated_pm2_5,E1_traffic_only,E1_traffic_only_xgboost,1,2025,2574,120,13,14,1.0354830422014871,2.300054754973057,1.469675610107332,0.9837580903768133
S6_elevated_pm2_5,E1_traffic_only,E1_traffic_only_xgboost,1,20260623,2574,120,13,14,1.0353921314744372,2.2885021986384033,1.4683750693928825,0.9839208381148722
S6_elevated_pm2_5,E1_traffic_only,E1_traffic_only_xgboost,1,20260715,2574,120,13,14,1.038640371587912,2.293373849020612,1.4721887680314207,0.9838523082005083
S6_elevated_pm2_5,E1_traffic_only,E1_traffic_only_xgboost,1,20260718,2574,120,13,14,1.0397001193860935,2.3045781727368837,1.473602530004917,0.983694143041266
S6_elevated_pm2_5,E3_meteorology,E3_meteorology_aware_xgboost,1,42,2574,120,13,14,1.0178256469821412,2.2574829356765145,1.4507301436332682,0.9843537706508774
S6_elevated_pm2_5,E3_meteorology,E3_meteorology_aware_xgboost,1,2025,2574,120,13,14,1.0145213084898905,2.2539087453537916,1.4427666374914616,0.9844032756376366
S6_elevated_pm2_5,E3_meteorology,E3_meteorology_aware_xgboost,1,20260623,2574,120,13,14,1.009126794514215,2.262105814318185,1.4456261383347322,0.9842896242710848
S6_elevated_pm2_5,E3_meteorology,E3_meteorology_aware_xgboost,1,20260715,2574,120,13,14,1.0153273502676883,2.253321282277673,1.4486192559674838,0.984411404898082
S6_elevated_pm2_5,E3_meteorology,E3_meteorology_aware_xgboost,1,20260718,2574,120,13,14,1.0054523115298872,2.2400283368217155,1.4377675290409282,0.9845947849848959
S6_elevated_pm2_5,E4_atmospheric,E4_atmospheric_context_xgboost,1,42,2574,120,13,14,1.0970328012114205,2.320903299210985,1.5618456587668739,0.9834623105832356
S6_elevated_pm2_5,E4_atmospheric,E4_atmospheric_context_xgboost,1,2025,2574,120,13,14,1.1936902753370038,2.3837879426630426,1.6541277273301531,0.9825539956181945
S6_elevated_pm2_5,E4_atmospheric,E4_atmospheric_context_xgboost,1,20260623,2574,120,13,14,1.140661533358677,2.336821128801237,1.6052620914790257,0.9832346864102784
S6_elevated_pm2_5,E4_atmospheric,E4_atmospheric_context_xgboost,1,20260715,2574,120,13,14,1.1276546324142303,2.3486363081462134,1.5893303836901633,0.9830647239320079
S6_elevated_pm2_5,E4_atmospheric,E4_atmospheric_context_xgboost,1,20260718,2574,120,13,14,1.1421596863022188,2.3224195236202574,1.6136492390880917,0.9834406956896232
S6_elevated_pm2_5,E5_full_fusion,E5_full_fusion_xgboost,1,42,2574,120,13,14,1.0887090665693264,2.303710504935254,1.5507922160311902,0.9837064189569826
S6_elevated_pm2_5,E5_full_fusion,E5_full_fusion_xgboost,1,2025,2574,120,13,14,1.0454562775306335,2.3109367798200893,1.5059959259249764,0.9836040392860098
S6_elevated_pm2_5,E5_full_fusion,E5_full_fusion_xgboost,1,20260623,2574,120,13,14,1.0602287228259974,2.2947847649840925,1.5197560153349146,0.9838324335129464
S6_elevated_pm2_5,E5_full_fusion,E5_full_fusion_xgboost,1,20260715,2574,120,13,14,1.0536157010781644,2.29015173339215,1.5208477850462796,0.9838976502890596
S6_elevated_pm2_5,E5_full_fusion,E5_full_fusion_xgboost,1,20260718,2574,120,13,14,1.055352276552838,2.292192803358256,1.5085259242938955,0.9838689354509803
S7_elevated_aod,E1_traffic_only,E1_traffic_only_xgboost,1,42,3548,106,9,11,1.147099583671309,2.798042282299872,1.5536090177947925,0.9734365178604406
S7_elevated_aod,E1_traffic_only,E1_traffic_only_xgboost,1,2025,3548,106,9,11,1.1496304991190616,2.802325366279402,1.5573646804703478,0.9733551318823875
S7_elevated_aod,E1_traffic_only,E1_traffic_only_xgboost,1,20260623,3548,106,9,11,1.1495113875264737,2.7882544372989746,1.553871165122712,0.9736220364962449
S7_elevated_aod,E1_traffic_only,E1_traffic_only_xgboost,1,20260715,3548,106,9,11,1.1512707759365468,2.7730931573890136,1.5567932719426911,0.9739081197028369
S7_elevated_aod,E1_traffic_only,E1_traffic_only_xgboost,1,20260718,3548,106,9,11,1.1397852234981958,2.793082554954283,1.5452093422652788,0.9735306056900713
S7_elevated_aod,E3_meteorology,E3_meteorology_aware_xgboost,1,42,3548,106,9,11,1.1346644924440494,2.794718247570442,1.5423151678208966,0.9734995944546532
S7_elevated_aod,E3_meteorology,E3_meteorology_aware_xgboost,1,2025,3548,106,9,11,1.1377564206960191,2.779482840204842,1.5440973576651207,0.9737877408305011
S7_elevated_aod,E3_meteorology,E3_meteorology_aware_xgboost,1,20260623,3548,106,9,11,1.1222341297354657,2.8007648580566302,1.5289814139679543,0.9733847986436158
S7_elevated_aod,E3_meteorology,E3_meteorology_aware_xgboost,1,20260715,3548,106,9,11,1.1428558943102296,2.789932467518236,1.550397785443172,0.9735902773149462
S7_elevated_aod,E3_meteorology,E3_meteorology_aware_xgboost,1,20260718,3548,106,9,11,1.131219847477365,2.792364317966866,1.5405974143457004,0.9735442170698214
S7_elevated_aod,E4_atmospheric,E4_atmospheric_context_xgboost,1,42,3548,106,9,11,1.2502931083068505,2.781053088696939,1.6737793534706276,0.9737581156165638
S7_elevated_aod,E4_atmospheric,E4_atmospheric_context_xgboost,1,2025,3548,106,9,11,1.2934430119866764,2.8338154845783525,1.719010185657165,0.9727529432000547
S7_elevated_aod,E4_atmospheric,E4_atmospheric_context_xgboost,1,20260623,3548,106,9,11,1.27739408995504,2.805358238065283,1.7005763873873183,0.9732974268071057
S7_elevated_aod,E4_atmospheric,E4_atmospheric_context_xgboost,1,20260715,3548,106,9,11,1.2628227115618202,2.795331943087852,1.6841223748594238,0.9734879546653954
S7_elevated_aod,E4_atmospheric,E4_atmospheric_context_xgboost,1,20260718,3548,106,9,11,1.2856371085028235,2.787244709821431,1.714757841747005,0.9736411378605456
S7_elevated_aod,E5_full_fusion,E5_full_fusion_xgboost,1,42,3548,106,9,11,1.2256275800599588,2.7848560372996998,1.6499269891837853,0.9736862976629264
S7_elevated_aod,E5_full_fusion,E5_full_fusion_xgboost,1,2025,3548,106,9,11,1.1998867833403795,2.7964997249801185,1.6244270437820703,0.9734657986180234
S7_elevated_aod,E5_full_fusion,E5_full_fusion_xgboost,1,20260623,3548,106,9,11,1.2263403416217518,2.7823756888631097,1.6499407006412288,0.9737331496971378
S7_elevated_aod,E5_full_fusion,E5_full_fusion_xgboost,1,20260715,3548,106,9,11,1.2034840113235927,2.7699718068861463,1.6272887846380542,0.9739668238748187
S7_elevated_aod,E5_full_fusion,E5_full_fusion_xgboost,1,20260718,3548,106,9,11,1.2351190731875747,2.7826011038501077,1.6562566211703922,0.9737288934914883
S8_rain_elevated_atmospheric_pollution,E1_traffic_only,E1_traffic_only_xgboost,1,42,1917,95,12,16,0.8865738287819425,2.3298656291543405,1.3135785126161248,0.9827298748260695
S8_rain_elevated_atmospheric_pollution,E1_traffic_only,E1_traffic_only_xgboost,1,2025,1917,95,12,16,0.8930058229406945,2.340892223523483,1.3250457062628116,0.9825660187737555
S8_rain_elevated_atmospheric_pollution,E1_traffic_only,E1_traffic_only_xgboost,1,20260623,1917,95,12,16,0.8872201330867816,2.324632226109042,1.312958859400831,0.9828073728722357
S8_rain_elevated_atmospheric_pollution,E1_traffic_only,E1_traffic_only_xgboost,1,20260715,1917,95,12,16,0.8946253665611654,2.3089264120558792,1.322391515192636,0.9830389037141418
S8_rain_elevated_atmospheric_pollution,E1_traffic_only,E1_traffic_only_xgboost,1,20260718,1917,95,12,16,0.8718701388644791,2.3191012744340553,1.2919593568699137,0.9828890877034847
S8_rain_elevated_atmospheric_pollution,E3_meteorology,E3_meteorology_aware_xgboost,1,42,1917,95,12,16,0.8953120874210225,2.3724433679252197,1.3351504988536311,0.9820928923374367
S8_rain_elevated_atmospheric_pollution,E3_meteorology,E3_meteorology_aware_xgboost,1,2025,1917,95,12,16,0.892582740180079,2.3551736219161747,1.3266345494483922,0.9823526461742468
S8_rain_elevated_atmospheric_pollution,E3_meteorology,E3_meteorology_aware_xgboost,1,20260623,1917,95,12,16,0.8856855512846866,2.3769073493567894,1.3270919375755799,0.9820254410323631
S8_rain_elevated_atmospheric_pollution,E3_meteorology,E3_meteorology_aware_xgboost,1,20260715,1917,95,12,16,0.9011232185396935,2.3555944908667956,1.3396142327016178,0.982346338455072
S8_rain_elevated_atmospheric_pollution,E3_meteorology,E3_meteorology_aware_xgboost,1,20260718,1917,95,12,16,0.9023804046572488,2.3704326377901315,1.350124433785309,0.9821232332957585
S8_rain_elevated_atmospheric_pollution,E4_atmospheric,E4_atmospheric_context_xgboost,1,42,1917,95,12,16,1.0195677116339652,2.3786892468505063,1.4691374529470294,0.9819984809347251
S8_rain_elevated_atmospheric_pollution,E4_atmospheric,E4_atmospheric_context_xgboost,1,2025,1917,95,12,16,1.0497485762284209,2.427246426650063,1.5013082707197598,0.9812560344681479
S8_rain_elevated_atmospheric_pollution,E4_atmospheric,E4_atmospheric_context_xgboost,1,20260623,1917,95,12,16,1.0411513191744506,2.3902069820224363,1.491180882134471,0.9818237303260922
S8_rain_elevated_atmospheric_pollution,E4_atmospheric,E4_atmospheric_context_xgboost,1,20260715,1917,95,12,16,1.0241636099472935,2.3896228333745784,1.4716482833177926,0.9818326135282557
S8_rain_elevated_atmospheric_pollution,E4_atmospheric,E4_atmospheric_context_xgboost,1,20260718,1917,95,12,16,1.0554223397735347,2.40654497087317,1.5054213813017954,0.9815743974236748
S8_rain_elevated_atmospheric_pollution,E5_full_fusion,E5_full_fusion_xgboost,1,42,1917,95,12,16,1.0259528090945123,2.3658008543082647,1.4814505876598425,0.9821930268138364
S8_rain_elevated_atmospheric_pollution,E5_full_fusion,E5_full_fusion_xgboost,1,2025,1917,95,12,16,0.9934932018234262,2.3681917610619285,1.452202951577347,0.9821570167450397
S8_rain_elevated_atmospheric_pollution,E5_full_fusion,E5_full_fusion_xgboost,1,20260623,1917,95,12,16,1.0260220294992854,2.3700836552688336,1.4760304459788205,0.9821284966555172
S8_rain_elevated_atmospheric_pollution,E5_full_fusion,E5_full_fusion_xgboost,1,20260715,1917,95,12,16,1.0019188903638787,2.354998104454727,1.4541860634054484,0.9823552763865586
S8_rain_elevated_atmospheric_pollution,E5_full_fusion,E5_full_fusion_xgboost,1,20260718,1917,95,12,16,1.034447290204625,2.3676959726768514,1.488102774000517,0.9821644869322039
S1_dry,E1_traffic_only,E1_traffic_only_xgboost,3,42,5322,165,13,17,1.1748320361030709,2.705379437992251,1.6224739306577787,0.9721570331030476
S1_dry,E1_traffic_only,E1_traffic_only_xgboost,3,2025,5322,165,13,17,1.1793008244516974,2.7062817281600466,1.6329632544233696,0.9721384577976387
S1_dry,E1_traffic_only,E1_traffic_only_xgboost,3,20260623,5322,165,13,17,1.172475420973227,2.714581943373307,1.6230140048691086,0.9719672920033016
S1_dry,E1_traffic_only,E1_traffic_only_xgboost,3,20260715,5322,165,13,17,1.1753141497096276,2.686230245540956,1.6250574469098076,0.9725497938251383
S1_dry,E1_traffic_only,E1_traffic_only_xgboost,3,20260718,5322,165,13,17,1.1767196164518823,2.6850308529807116,1.625405886594972,0.9725743011978677
S1_dry,E3_meteorology,E3_meteorology_aware_xgboost,3,42,5322,165,13,17,1.219193557926576,2.675856886242217,1.6653347051266643,0.9727613922491652
S1_dry,E3_meteorology,E3_meteorology_aware_xgboost,3,2025,5322,165,13,17,1.220659145645281,2.6714876039829156,1.6628878947859285,0.9728502729368386
S1_dry,E3_meteorology,E3_meteorology_aware_xgboost,3,20260623,5322,165,13,17,1.2192090528226056,2.679185685992281,1.6663119930511874,0.9726935797517066
S1_dry,E3_meteorology,E3_meteorology_aware_xgboost,3,20260715,5322,165,13,17,1.2082665666697034,2.675295192729923,1.6488295193292886,0.9727728264507015
S1_dry,E3_meteorology,E3_meteorology_aware_xgboost,3,20260718,5322,165,13,17,1.2116532308183543,2.683781342462648,1.6596080639271154,0.972599820998067
S1_dry,E4_atmospheric,E4_atmospheric_context_xgboost,3,42,5322,165,13,17,1.370123421182672,2.727429195789934,1.8022382754122312,0.9717013243479947
S1_dry,E4_atmospheric,E4_atmospheric_context_xgboost,3,2025,5322,165,13,17,1.4225254463579038,2.7591011469957913,1.8526223866686446,0.9710402782495622
S1_dry,E4_atmospheric,E4_atmospheric_context_xgboost,3,20260623,5322,165,13,17,1.3800201918238701,2.751777762371254,1.8096809966251504,0.9711938077559263
S1_dry,E4_atmospheric,E4_atmospheric_context_xgboost,3,20260715,5322,165,13,17,1.396534715671819,2.7302689309253743,1.8239791670929386,0.971642365839728
S1_dry,E4_atmospheric,E4_atmospheric_context_xgboost,3,20260718,5322,165,13,17,1.384076113905746,2.7183521544138824,1.8065044609788856,0.9718893701561244
S1_dry,E5_full_fusion,E5_full_fusion_xgboost,3,42,5322,165,13,17,1.3414221549891265,2.7662488839877484,1.7786863141356746,0.9708900375832857
S1_dry,E5_full_fusion,E5_full_fusion_xgboost,3,2025,5322,165,13,17,1.3785718571642476,2.769172655979692,1.8183344158984045,0.9708284698248347
S1_dry,E5_full_fusion,E5_full_fusion_xgboost,3,20260623,5322,165,13,17,1.353621273955859,2.75714888566815,1.7967561805763774,0.9710812458979783
S1_dry,E5_full_fusion,E5_full_fusion_xgboost,3,20260715,5322,165,13,17,1.3588477828904948,2.751883595148618,1.7985662696389535,0.9711915919534752
S1_dry,E5_full_fusion,E5_full_fusion_xgboost,3,20260718,5322,165,13,17,1.337018153560829,2.7570197980408238,1.7706934618021217,0.9710839537430151
S2_rain,E1_traffic_only,E1_traffic_only_xgboost,3,42,8217,214,13,13,1.1808365383165988,2.731996200149894,1.57977872856809,0.9706754233240273
S2_rain,E1_traffic_only,E1_traffic_only_xgboost,3,2025,8217,214,13,13,1.1694626297690962,2.7072730271110133,1.5657809555138549,0.9712037667812016
S2_rain,E1_traffic_only,E1_traffic_only_xgboost,3,20260623,8217,214,13,13,1.1740580247694337,2.7116823484180657,1.5718413634531507,0.9711098898485029
S2_rain,E1_traffic_only,E1_traffic_only_xgboost,3,20260715,8217,214,13,13,1.1777769154280968,2.7255334689548167,1.5786321352073478,0.9708139979667437
S2_rain,E1_traffic_only,E1_traffic_only_xgboost,3,20260718,8217,214,13,13,1.1707748676776828,2.7165233518020604,1.5670828598813746,0.9710066462216513
S2_rain,E3_meteorology,E3_meteorology_aware_xgboost,3,42,8217,214,13,13,1.2475961347288025,2.7716493269653673,1.6533998059589425,0.9698179917675629
S2_rain,E3_meteorology,E3_meteorology_aware_xgboost,3,2025,8217,214,13,13,1.24497488463734,2.7664837020960005,1.6462008849619063,0.9699303895692686
S2_rain,E3_meteorology,E3_meteorology_aware_xgboost,3,20260623,8217,214,13,13,1.2400799067642987,2.764415919091956,1.6454099292567494,0.9699753232823164
S2_rain,E3_meteorology,E3_meteorology_aware_xgboost,3,20260715,8217,214,13,13,1.2496723654613422,2.7683056900260516,1.6572328001270158,0.9698907692322843
S2_rain,E3_meteorology,E3_meteorology_aware_xgboost,3,20260718,8217,214,13,13,1.250292163626194,2.763626821036451,1.6575124760255109,0.9699924618267524
S2_rain,E4_atmospheric,E4_atmospheric_context_xgboost,3,42,8217,214,13,13,1.406230772074993,2.8415794294095122,1.8191063305838726,0.9682757641522276
S2_rain,E4_atmospheric,E4_atmospheric_context_xgboost,3,2025,8217,214,13,13,1.3837862145145845,2.8566248431394325,1.7935980023354927,0.967938931861904
S2_rain,E4_atmospheric,E4_atmospheric_context_xgboost,3,20260623,8217,214,13,13,1.3777590551984118,2.853164188848755,1.7853517401223948,0.9680165654838281
S2_rain,E4_atmospheric,E4_atmospheric_context_xgboost,3,20260715,8217,214,13,13,1.3801399207125813,2.830312072079404,1.7911055356336043,0.9685268496050888
S2_rain,E4_atmospheric,E4_atmospheric_context_xgboost,3,20260718,8217,214,13,13,1.3776634233021396,2.8156267547724187,1.7864836070428394,0.9688526045917469
S2_rain,E5_full_fusion,E5_full_fusion_xgboost,3,42,8217,214,13,13,1.4500157821783406,2.8786460333617416,1.8772805165551292,0.9674427209705705
S2_rain,E5_full_fusion,E5_full_fusion_xgboost,3,2025,8217,214,13,13,1.4497414966088213,2.8592688434608196,1.8714045612067034,0.9678795550034986
S2_rain,E5_full_fusion,E5_full_fusion_xgboost,3,20260623,8217,214,13,13,1.47035997896851,2.87913226968264,1.892341291620956,0.967431721446232
S2_rain,E5_full_fusion,E5_full_fusion_xgboost,3,20260715,8217,214,13,13,1.4174752105617567,2.859357075795988,1.8408974440691266,0.9678775726046749
S2_rain,E5_full_fusion,E5_full_fusion_xgboost,3,20260718,8217,214,13,13,1.4296218668112217,2.8739729388931834,1.8522246620440637,0.9675483398947057
S3_widespread_rain,E1_traffic_only,E1_traffic_only_xgboost,3,42,8127,162,13,14,1.2343565595584667,2.8207007730725,1.6593599893148867,0.9702258043109269
S3_widespread_rain,E1_traffic_only,E1_traffic_only_xgboost,3,2025,8127,162,13,14,1.2230942494063162,2.7969307833561343,1.6458320367700896,0.9707255030445925
S3_widespread_rain,E1_traffic_only,E1_traffic_only_xgboost,3,20260623,8127,162,13,14,1.2282211560621354,2.801469025951811,1.652016695886594,0.9706304255735627
S3_widespread_rain,E1_traffic_only,E1_traffic_only_xgboost,3,20260715,8127,162,13,14,1.232334126636406,2.81568881064974,1.660568036277351,0.9703315188725333
S3_widespread_rain,E1_traffic_only,E1_traffic_only_xgboost,3,20260718,8127,162,13,14,1.2240329232522353,2.8060907794472185,1.6467072016306008,0.970533440098882
S3_widespread_rain,E3_meteorology,E3_meteorology_aware_xgboost,3,42,8127,162,13,14,1.3019228635186915,2.8660233168527,1.7357165343372263,0.9692613038534205
S3_widespread_rain,E3_meteorology,E3_meteorology_aware_xgboost,3,2025,8127,162,13,14,1.2989954332943345,2.859218357448526,1.7268873567222873,0.9694070997717924
S3_widespread_rain,E3_meteorology,E3_meteorology_aware_xgboost,3,20260623,8127,162,13,14,1.2956951052643533,2.8608358161822975,1.7290795079244345,0.9693724771976024
S3_widespread_rain,E3_meteorology,E3_meteorology_aware_xgboost,3,20260715,8127,162,13,14,1.3042737991247266,2.862743438832296,1.739346032630329,0.969331618344253
S3_widespread_rain,E3_meteorology,E3_meteorology_aware_xgboost,3,20260718,8127,162,13,14,1.3070953625425197,2.8599109920752035,1.742010940478185,0.9693922759521739
S3_widespread_rain,E4_atmospheric,E4_atmospheric_context_xgboost,3,42,8127,162,13,14,1.4593038072754647,2.930561616652514,1.8994817165662536,0.9678613435310044
S3_widespread_rain,E4_atmospheric,E4_atmospheric_context_xgboost,3,2025,8127,162,13,14,1.432290776554992,2.940597545835305,1.865064101744336,0.9676408441141132
S3_widespread_rain,E4_atmospheric,E4_atmospheric_context_xgboost,3,20260623,8127,162,13,14,1.4294848497817183,2.9354909369181503,1.8611590042569743,0.9677531356260467
S3_widespread_rain,E4_atmospheric,E4_atmospheric_context_xgboost,3,20260715,8127,162,13,14,1.4373083000798001,2.922223641511383,1.8750517909855446,0.9680439638887381
S3_widespread_rain,E4_atmospheric,E4_atmospheric_context_xgboost,3,20260718,8127,162,13,14,1.4308134817244906,2.9042225766192815,1.8644122018631124,0.9684364532982894
S3_widespread_rain,E5_full_fusion,E5_full_fusion_xgboost,3,42,8127,162,13,14,1.5150864411307867,2.971905992624428,1.97228661197528,0.9669481221791122
S3_widespread_rain,E5_full_fusion,E5_full_fusion_xgboost,3,2025,8127,162,13,14,1.505261469198297,2.951822566326285,1.9555513535870066,0.9673933260789073
S3_widespread_rain,E5_full_fusion,E5_full_fusion_xgboost,3,20260623,8127,162,13,14,1.5318881072753967,2.9667344691036748,1.9817125294264892,0.9670630516852421
S3_widespread_rain,E5_full_fusion,E5_full_fusion_xgboost,3,20260715,8127,162,13,14,1.478589321834451,2.9505675089914156,1.9312262405389122,0.9674210476268449
S3_widespread_rain,E5_full_fusion,E5_full_fusion_xgboost,3,20260718,8127,162,13,14,1.487842108734833,2.9638096910433562,1.9382587864732368,0.9671279619624253
S4_post_rain_1_3h,E1_traffic_only,E1_traffic_only_xgboost,3,42,2201,121,13,24,1.5558120538046298,3.241721887391511,2.0303308660379047,0.9600883196051239
S4_post_rain_1_3h,E1_traffic_only,E1_traffic_only_xgboost,3,2025,2201,121,13,24,1.5606031119453352,3.235160003400382,2.0386387920389932,0.9602497342861832
S4_post_rain_1_3h,E1_traffic_only,E1_traffic_only_xgboost,3,20260623,2201,121,13,24,1.5502294468478905,3.2516694137959306,2.02700917373927,0.9598429983476628
S4_post_rain_1_3h,E1_traffic_only,E1_traffic_only_xgboost,3,20260715,2201,121,13,24,1.5546581255022944,3.2066352524524184,2.0318677873816737,0.9609476087145068
S4_post_rain_1_3h,E1_traffic_only,E1_traffic_only_xgboost,3,20260718,2201,121,13,24,1.5566351225461703,3.2120716930660125,2.0319197799322906,0.9608150797811073
S4_post_rain_1_3h,E3_meteorology,E3_meteorology_aware_xgboost,3,42,2201,121,13,24,1.591911570346664,3.1909675065548684,2.0643628649607493,0.9613282994398951
S4_post_rain_1_3h,E3_meteorology,E3_meteorology_aware_xgboost,3,2025,2201,121,13,24,1.591001030937679,3.1687339350054287,2.0571733433372716,0.9618653243944413
S4_post_rain_1_3h,E3_meteorology,E3_meteorology_aware_xgboost,3,20260623,2201,121,13,24,1.583897027849483,3.188501859007532,2.057785731694976,0.9613880392804677
S4_post_rain_1_3h,E3_meteorology,E3_meteorology_aware_xgboost,3,20260715,2201,121,13,24,1.5855419779986517,3.191931409176737,2.0557521771165623,0.9613049326187224
S4_post_rain_1_3h,E3_meteorology,E3_meteorology_aware_xgboost,3,20260718,2201,121,13,24,1.5780068982898618,3.1915298162242247,2.0483145281960966,0.9613146688484865
S4_post_rain_1_3h,E4_atmospheric,E4_atmospheric_context_xgboost,3,42,2201,121,13,24,1.7747859463192703,3.274049222380852,2.2432965427210023,0.9592883302099098
S4_post_rain_1_3h,E4_atmospheric,E4_atmospheric_context_xgboost,3,2025,2201,121,13,24,1.7765083124650962,3.2857708129182313,2.2359424846163387,0.958996300539729
S4_post_rain_1_3h,E4_atmospheric,E4_atmospheric_context_xgboost,3,20260623,2201,121,13,24,1.8002775575579177,3.327547686045565,2.2642219251516944,0.9579469903825278
S4_post_rain_1_3h,E4_atmospheric,E4_atmospheric_context_xgboost,3,20260715,2201,121,13,24,1.7821012450441636,3.277328178068451,2.246563571173639,0.9592067440161517
S4_post_rain_1_3h,E4_atmospheric,E4_atmospheric_context_xgboost,3,20260718,2201,121,13,24,1.7769614624504102,3.2821489524924283,2.2390400668628865,0.9590866463579497
S4_post_rain_1_3h,E5_full_fusion,E5_full_fusion_xgboost,3,42,2201,121,13,24,1.758762119980124,3.3549655615184744,2.233266740875209,0.9572511299628967
S4_post_rain_1_3h,E5_full_fusion,E5_full_fusion_xgboost,3,2025,2201,121,13,24,1.836395864040404,3.3565478796436743,2.3112158065780495,0.9572107967541761
S4_post_rain_1_3h,E5_full_fusion,E5_full_fusion_xgboost,3,20260623,2201,121,13,24,1.7882147944264206,3.349647746164956,2.2611727924074407,0.9573865414460615
S4_post_rain_1_3h,E5_full_fusion,E5_full_fusion_xgboost,3,20260715,2201,121,13,24,1.7477858130180453,3.3155180812746754,2.224261696214267,0.958250497176833
S4_post_rain_1_3h,E5_full_fusion,E5_full_fusion_xgboost,3,20260718,2201,121,13,24,1.7807531463978923,3.3542931965578178,2.254039970963889,0.9572682627540584
S5_post_rain_4_6h,E1_traffic_only,E1_traffic_only_xgboost,3,42,1140,66,10,12,1.1711888954653376,2.916679364380029,1.6006452379889557,0.956997478841848
S5_post_rain_4_6h,E1_traffic_only,E1_traffic_only_xgboost,3,2025,1140,66,10,12,1.1681968978971067,2.9261567081293975,1.6094775281065417,0.9567175633886305
S5_post_rain_4_6h,E1_traffic_only,E1_traffic_only_xgboost,3,20260623,1140,66,10,12,1.1745749044139482,2.940598772979755,1.6138305117835607,0.9562892675854973
S5_post_rain_4_6h,E1_traffic_only,E1_traffic_only_xgboost,3,20260715,1140,66,10,12,1.1717323024370516,2.9020943706700018,1.6019835699061253,0.9574264758428908
S5_post_rain_4_6h,E1_traffic_only,E1_traffic_only_xgboost,3,20260718,1140,66,10,12,1.1705277615820453,2.8966696063850144,1.6009650456388838,0.9575854889210356
S5_post_rain_4_6h,E3_meteorology,E3_meteorology_aware_xgboost,3,42,1140,66,10,12,1.218275109229729,2.856537039235132,1.632418736861294,0.9587526302682612
S5_post_rain_4_6h,E3_meteorology,E3_meteorology_aware_xgboost,3,2025,1140,66,10,12,1.212796097471003,2.8603652249684077,1.6278681421309247,0.9586420009316303
S5_post_rain_4_6h,E3_meteorology,E3_meteorology_aware_xgboost,3,20260623,1140,66,10,12,1.2072054868553115,2.846102269529559,1.6149075828872428,0.9590534285231019
S5_post_rain_4_6h,E3_meteorology,E3_meteorology_aware_xgboost,3,20260715,1140,66,10,12,1.2024567631950154,2.849848854698812,1.6127155393389256,0.9589455541204359
S5_post_rain_4_6h,E3_meteorology,E3_meteorology_aware_xgboost,3,20260718,1140,66,10,12,1.2015296523333991,2.862797158265327,1.61823722410218,0.9585716444250163
S5_post_rain_4_6h,E4_atmospheric,E4_atmospheric_context_xgboost,3,42,1140,66,10,12,1.3168586775573374,2.7882105932941146,1.7195587998803687,0.9607022499542028
S5_post_rain_4_6h,E4_atmospheric,E4_atmospheric_context_xgboost,3,2025,1140,66,10,12,1.318216515702811,2.7979354693978493,1.7251243484628607,0.9604276421317093
S5_post_rain_4_6h,E4_atmospheric,E4_atmospheric_context_xgboost,3,20260623,1140,66,10,12,1.3179111023395385,2.8056288554631417,1.7130734358459379,0.9602097214602419
S5_post_rain_4_6h,E4_atmospheric,E4_atmospheric_context_xgboost,3,20260715,1140,66,10,12,1.3337635363751685,2.8079457050757703,1.741986460775824,0.9601439777999078
S5_post_rain_4_6h,E4_atmospheric,E4_atmospheric_context_xgboost,3,20260718,1140,66,10,12,1.3260073689689416,2.7592255019488268,1.7209769535311397,0.961515049629734
S5_post_rain_4_6h,E5_full_fusion,E5_full_fusion_xgboost,3,42,1140,66,10,12,1.2658953895345766,2.7951118588694253,1.660983130819972,0.9605074728114349
S5_post_rain_4_6h,E5_full_fusion,E5_full_fusion_xgboost,3,2025,1140,66,10,12,1.3063659110264472,2.7979687016797357,1.7084722999613284,0.9604267020903282
S5_post_rain_4_6h,E5_full_fusion,E5_full_fusion_xgboost,3,20260623,1140,66,10,12,1.2880240568640637,2.767818108858743,1.675412172559195,0.9612749815735937
S5_post_rain_4_6h,E5_full_fusion,E5_full_fusion_xgboost,3,20260715,1140,66,10,12,1.2611057861506592,2.7787946104288594,1.658059437950191,0.9609672242990299
S5_post_rain_4_6h,E5_full_fusion,E5_full_fusion_xgboost,3,20260718,1140,66,10,12,1.2655296604535733,2.783801869552166,1.659906072956989,0.9608264270519636
S6_elevated_pm2_5,E1_traffic_only,E1_traffic_only_xgboost,3,42,2390,118,13,14,1.0912428887020096,2.325361247995071,1.7025355240767914,0.9838762210162743
S6_elevated_pm2_5,E1_traffic_only,E1_traffic_only_xgboost,3,2025,2390,118,13,14,1.0860850711114902,2.3155253677462206,1.6986331826894543,0.9840123341916337
S6_elevated_pm2_5,E1_traffic_only,E1_traffic_only_xgboost,3,20260623,2390,118,13,14,1.078532701542853,2.310286796521947,1.6853502783966963,0.9840845923389049
S6_elevated_pm2_5,E1_traffic_only,E1_traffic_only_xgboost,3,20260715,2390,118,13,14,1.0857844075265457,2.3198947534270826,1.7002103474315928,0.9839519399603593
S6_elevated_pm2_5,E1_traffic_only,E1_traffic_only_xgboost,3,20260718,2390,118,13,14,1.0855376120425002,2.318854655708971,1.6995104956627494,0.9839663266551625
S6_elevated_pm2_5,E3_meteorology,E3_meteorology_aware_xgboost,3,42,2390,118,13,14,1.0894699077526395,2.291032690377446,1.6859338898307956,0.9843487673447646
S6_elevated_pm2_5,E3_meteorology,E3_meteorology_aware_xgboost,3,2025,2390,118,13,14,1.0754108818405343,2.2717662284507565,1.6512961174886445,0.9846108988815305
S6_elevated_pm2_5,E3_meteorology,E3_meteorology_aware_xgboost,3,20260623,2390,118,13,14,1.0906942139310316,2.29078531539365,1.6853162265870378,0.9843521470559451
S6_elevated_pm2_5,E3_meteorology,E3_meteorology_aware_xgboost,3,20260715,2390,118,13,14,1.0775411291401755,2.276349330543595,1.6635063940717656,0.9845487437489076
S6_elevated_pm2_5,E3_meteorology,E3_meteorology_aware_xgboost,3,20260718,2390,118,13,14,1.082043985023658,2.2839774285604904,1.6729604738362163,0.9844450152239936
S6_elevated_pm2_5,E4_atmospheric,E4_atmospheric_context_xgboost,3,42,2390,118,13,14,1.1060495115357296,2.2887395115514777,1.6717307109067518,0.9843800834522368
S6_elevated_pm2_5,E4_atmospheric,E4_atmospheric_context_xgboost,3,2025,2390,118,13,14,1.1824936000339823,2.3304482470137287,1.7519770912650237,0.9838055985580219
S6_elevated_pm2_5,E4_atmospheric,E4_atmospheric_context_xgboost,3,20260623,2390,118,13,14,1.1263200231576063,2.295736420007608,1.6995795182317375,0.9842844341372801
S6_elevated_pm2_5,E4_atmospheric,E4_atmospheric_context_xgboost,3,20260715,2390,118,13,14,1.152062985833885,2.277978961132494,1.7142973477141814,0.9845266128285205
S6_elevated_pm2_5,E4_atmospheric,E4_atmospheric_context_xgboost,3,20260718,2390,118,13,14,1.126853711116264,2.283524405021832,1.6928270995916512,0.9844511852283906
S6_elevated_pm2_5,E5_full_fusion,E5_full_fusion_xgboost,3,42,2390,118,13,14,1.151461486177963,2.3507599318132493,1.7442850564824905,0.9835220745245313
S6_elevated_pm2_5,E5_full_fusion,E5_full_fusion_xgboost,3,2025,2390,118,13,14,1.1441315374015264,2.344314103829796,1.7424114360188037,0.9836123161961574
S6_elevated_pm2_5,E5_full_fusion,E5_full_fusion_xgboost,3,20260623,2390,118,13,14,1.1383295834380378,2.3286391863858,1.743377528547992,0.9838307313049085
S6_elevated_pm2_5,E5_full_fusion,E5_full_fusion_xgboost,3,20260715,2390,118,13,14,1.223899090180337,2.3798273050690457,1.8239025725085196,0.9831120528469127
S6_elevated_pm2_5,E5_full_fusion,E5_full_fusion_xgboost,3,20260718,2390,118,13,14,1.1555797969546777,2.353339472881614,1.7483844426125223,0.9834858914962123
S7_elevated_aod,E1_traffic_only,E1_traffic_only_xgboost,3,42,3517,104,9,11,1.4563607467609427,3.2604207364596514,2.026750435698081,0.9640124375920947
S7_elevated_aod,E1_traffic_only,E1_traffic_only_xgboost,3,2025,3517,104,9,11,1.44105345742554,3.2226812011545984,2.009410666583063,0.9648407316321365
S7_elevated_aod,E1_traffic_only,E1_traffic_only_xgboost,3,20260623,3517,104,9,11,1.4358512183521925,3.2350252088456446,2.004884518234476,0.9645708709473823
S7_elevated_aod,E1_traffic_only,E1_traffic_only_xgboost,3,20260715,3517,104,9,11,1.448142058692739,3.2365959539614977,2.020366697572708,0.9645364578358288
S7_elevated_aod,E1_traffic_only,E1_traffic_only_xgboost,3,20260718,3517,104,9,11,1.4396537704836552,3.2325517341707393,2.011100688911192,0.9646250278988993
S7_elevated_aod,E3_meteorology,E3_meteorology_aware_xgboost,3,42,3517,104,9,11,1.4259541176470656,3.1557924844286025,1.9780991049314263,0.9662850893619059
S7_elevated_aod,E3_meteorology,E3_meteorology_aware_xgboost,3,2025,3517,104,9,11,1.4222449327891342,3.142374541319883,1.9611198429665615,0.9665711810615173
S7_elevated_aod,E3_meteorology,E3_meteorology_aware_xgboost,3,20260623,3517,104,9,11,1.4187913198491857,3.149886195472382,1.9678608913555657,0.9664111709483194
S7_elevated_aod,E3_meteorology,E3_meteorology_aware_xgboost,3,20260715,3517,104,9,11,1.4130301460249481,3.146509265280966,1.9628369277644855,0.9664831521707515
S7_elevated_aod,E3_meteorology,E3_meteorology_aware_xgboost,3,20260718,3517,104,9,11,1.4070266954300699,3.1390702106376653,1.9569452039063393,0.9666414475394195
S7_elevated_aod,E4_atmospheric,E4_atmospheric_context_xgboost,3,42,3517,104,9,11,1.3955043229793738,3.097197125516624,1.9235597226929781,0.9675254730993772
S7_elevated_aod,E4_atmospheric,E4_atmospheric_context_xgboost,3,2025,3517,104,9,11,1.4317304793245678,3.1261609651485904,1.9597759205646343,0.966915253625809
S7_elevated_aod,E4_atmospheric,E4_atmospheric_context_xgboost,3,20260623,3517,104,9,11,1.3975228957616483,3.08659724432082,1.9225843160058362,0.9677473750781574
S7_elevated_aod,E4_atmospheric,E4_atmospheric_context_xgboost,3,20260715,3517,104,9,11,1.431347770571607,3.11117477098418,1.9579223478011598,0.9672316967140875
S7_elevated_aod,E4_atmospheric,E4_atmospheric_context_xgboost,3,20260718,3517,104,9,11,1.4037549531264346,3.114292761479325,1.9383498236073535,0.9671659836228883
S7_elevated_aod,E5_full_fusion,E5_full_fusion_xgboost,3,42,3517,104,9,11,1.4511847028098683,3.1379009352730938,2.0000527784051187,0.9666662944312732
S7_elevated_aod,E5_full_fusion,E5_full_fusion_xgboost,3,2025,3517,104,9,11,1.4488569442406276,3.102980245509675,1.9911973130753187,0.9674040863015232
S7_elevated_aod,E5_full_fusion,E5_full_fusion_xgboost,3,20260623,3517,104,9,11,1.4235335824297746,3.0979754484698403,1.9636106856983786,0.967509149407643
S7_elevated_aod,E5_full_fusion,E5_full_fusion_xgboost,3,20260715,3517,104,9,11,1.4499548033395318,3.119047547445223,1.998597591367853,0.9670656475849124
S7_elevated_aod,E5_full_fusion,E5_full_fusion_xgboost,3,20260718,3517,104,9,11,1.443488522911849,3.1162842120648278,1.9855384979244008,0.9671239784343731
S8_rain_elevated_atmospheric_pollution,E1_traffic_only,E1_traffic_only_xgboost,3,42,1974,95,12,16,1.4976199232859617,3.3457930530064464,2.1546231851168796,0.965874513648134
S8_rain_elevated_atmospheric_pollution,E1_traffic_only,E1_traffic_only_xgboost,3,2025,1974,95,12,16,1.4646500900201564,3.279307780434635,2.112618194517193,0.9672172744216977
S8_rain_elevated_atmospheric_pollution,E1_traffic_only,E1_traffic_only_xgboost,3,20260623,1974,95,12,16,1.4692604067518038,3.2995876621104645,2.1258132805474075,0.9668105510768741
S8_rain_elevated_atmospheric_pollution,E1_traffic_only,E1_traffic_only_xgboost,3,20260715,1974,95,12,16,1.4871099994457162,3.3248112779485437,2.150377162494925,0.9663011797177943
S8_rain_elevated_atmospheric_pollution,E1_traffic_only,E1_traffic_only_xgboost,3,20260718,1974,95,12,16,1.4673846424209716,3.3038921177716642,2.1240600970498003,0.9667239004337458
S8_rain_elevated_atmospheric_pollution,E3_meteorology,E3_meteorology_aware_xgboost,3,42,1974,95,12,16,1.4646775240191172,3.253086411923007,2.122226728811387,0.967739440238359
S8_rain_elevated_atmospheric_pollution,E3_meteorology,E3_meteorology_aware_xgboost,3,2025,1974,95,12,16,1.4634997140149417,3.243698978721308,2.103123357393684,0.9679253602252205
S8_rain_elevated_atmospheric_pollution,E3_meteorology,E3_meteorology_aware_xgboost,3,20260623,1974,95,12,16,1.4586588097198394,3.2481542084645985,2.111030044993074,0.9678371904987635
S8_rain_elevated_atmospheric_pollution,E3_meteorology,E3_meteorology_aware_xgboost,3,20260715,1974,95,12,16,1.4580148093324383,3.2436133987649765,2.11454007714714,0.9679270526819366
S8_rain_elevated_atmospheric_pollution,E3_meteorology,E3_meteorology_aware_xgboost,3,20260718,1974,95,12,16,1.4523688235503522,3.2369117206639717,2.1085249243829085,0.968059448559159
S8_rain_elevated_atmospheric_pollution,E4_atmospheric,E4_atmospheric_context_xgboost,3,42,1974,95,12,16,1.4586755384749879,3.2007920014976996,2.0892862479392282,0.9687683013441633
S8_rain_elevated_atmospheric_pollution,E4_atmospheric,E4_atmospheric_context_xgboost,3,2025,1974,95,12,16,1.479194809882394,3.233091084318488,2.1110733832195727,0.968134805085552
S8_rain_elevated_atmospheric_pollution,E4_atmospheric,E4_atmospheric_context_xgboost,3,20260623,1974,95,12,16,1.4264204172780492,3.173586020278703,2.051371459054493,0.9692969692038966
S8_rain_elevated_atmospheric_pollution,E4_atmospheric,E4_atmospheric_context_xgboost,3,20260715,1974,95,12,16,1.4731627666881788,3.21582891780615,2.1067257533594326,0.9684741669135815
S8_rain_elevated_atmospheric_pollution,E4_atmospheric,E4_atmospheric_context_xgboost,3,20260718,1974,95,12,16,1.4461545077822815,3.199416231339635,2.0826840181102955,0.9687951437036558
S8_rain_elevated_atmospheric_pollution,E5_full_fusion,E5_full_fusion_xgboost,3,42,1974,95,12,16,1.5293558501424278,3.2402334184710093,2.1831742293872263,0.9679938605500987
S8_rain_elevated_atmospheric_pollution,E5_full_fusion,E5_full_fusion_xgboost,3,2025,1974,95,12,16,1.532562538000105,3.190710046844693,2.1790250752334672,0.9689647406413178
S8_rain_elevated_atmospheric_pollution,E5_full_fusion,E5_full_fusion_xgboost,3,20260623,1974,95,12,16,1.4923371331428443,3.1896621357820942,2.1297471952265723,0.9689851228450117
S8_rain_elevated_atmospheric_pollution,E5_full_fusion,E5_full_fusion_xgboost,3,20260715,1974,95,12,16,1.5177044789560017,3.207031988114866,2.165774946919954,0.9686464094203048
S8_rain_elevated_atmospheric_pollution,E5_full_fusion,E5_full_fusion_xgboost,3,20260718,1974,95,12,16,1.511467236999079,3.216097829375287,2.165077679501647,0.9684688942352664
S1_dry,E1_traffic_only,E1_traffic_only_xgboost,6,42,5123,159,13,17,1.0930095945387193,2.639702460428837,1.5611890343442858,0.9745827079394846
S1_dry,E1_traffic_only,E1_traffic_only_xgboost,6,2025,5123,159,13,17,1.0858154128094069,2.626365175734591,1.5489142075464004,0.9748389044317217
S1_dry,E1_traffic_only,E1_traffic_only_xgboost,6,20260623,5123,159,13,17,1.0886089916429056,2.633169768899573,1.5525812681747657,0.9747083568490867
S1_dry,E1_traffic_only,E1_traffic_only_xgboost,6,20260715,5123,159,13,17,1.0950556592552219,2.645769114568603,1.5645739253977677,0.9744657439150373
S1_dry,E1_traffic_only,E1_traffic_only_xgboost,6,20260718,5123,159,13,17,1.0855013839718701,2.6293026356608102,1.550252984021215,0.9747825900678263
S1_dry,E3_meteorology,E3_meteorology_aware_xgboost,6,42,5123,159,13,17,1.1884089384340217,2.7141557819005593,1.6610957615087467,0.9731286883094679
S1_dry,E3_meteorology,E3_meteorology_aware_xgboost,6,2025,5123,159,13,17,1.185988554097283,2.7138819233837044,1.6565732133712356,0.9731341106705246
S1_dry,E3_meteorology,E3_meteorology_aware_xgboost,6,20260623,5123,159,13,17,1.1793296988206334,2.6875472557934486,1.6481138154729371,0.9736529774333557
S1_dry,E3_meteorology,E3_meteorology_aware_xgboost,6,20260715,5123,159,13,17,1.1902732623252492,2.704836696323872,1.6641554143392374,0.9733128974485654
S1_dry,E3_meteorology,E3_meteorology_aware_xgboost,6,20260718,5123,159,13,17,1.2000525493970557,2.720920028595105,1.675516036506653,0.9729945834951704
S1_dry,E4_atmospheric,E4_atmospheric_context_xgboost,6,42,5123,159,13,17,1.3316141339888514,2.808054245616914,1.8237959069217584,0.9712372563115376
S1_dry,E4_atmospheric,E4_atmospheric_context_xgboost,6,2025,5123,159,13,17,1.3922286134464565,2.8467726782622265,1.9059676030131183,0.9704386064690925
S1_dry,E4_atmospheric,E4_atmospheric_context_xgboost,6,20260623,5123,159,13,17,1.3151274487551703,2.80307173196049,1.8127597452014712,0.9713392369770706
S1_dry,E4_atmospheric,E4_atmospheric_context_xgboost,6,20260715,5123,159,13,17,1.3648023452078701,2.7925388344577082,1.8395359600749586,0.9715542251973099
S1_dry,E4_atmospheric,E4_atmospheric_context_xgboost,6,20260718,5123,159,13,17,1.3259504550186982,2.7866247431733937,1.815873326760257,0.9716745836077073
S1_dry,E5_full_fusion,E5_full_fusion_xgboost,6,42,5123,159,13,17,1.2961612395872888,2.7416467459314324,1.7854076147530893,0.972581586769626
S1_dry,E5_full_fusion,E5_full_fusion_xgboost,6,2025,5123,159,13,17,1.2636252495158014,2.723965901299776,1.7537921159772578,0.9729340884424427
S1_dry,E5_full_fusion,E5_full_fusion_xgboost,6,20260623,5123,159,13,17,1.300628897906265,2.757423281240739,1.7962629540685413,0.9722651257603784
S1_dry,E5_full_fusion,E5_full_fusion_xgboost,6,20260715,5123,159,13,17,1.3369057021351098,2.7731242251533748,1.8202174586936495,0.9719483782469469
S1_dry,E5_full_fusion,E5_full_fusion_xgboost,6,20260718,5123,159,13,17,1.305219856404678,2.7356793136155484,1.7993580944335719,0.9727008139906567
S2_rain,E1_traffic_only,E1_traffic_only_xgboost,6,42,8264,213,13,13,1.3006289785544538,2.8514291045008946,1.7211737910529175,0.9670808978452855
S2_rain,E1_traffic_only,E1_traffic_only_xgboost,6,2025,8264,213,13,13,1.2878101593834925,2.7930352414007573,1.6976762912787304,0.9684153799884455
S2_rain,E1_traffic_only,E1_traffic_only_xgboost,6,20260623,8264,213,13,13,1.303109918282316,2.8276871078202146,1.7233049848919977,0.9676268075577911
S2_rain,E1_traffic_only,E1_traffic_only_xgboost,6,20260715,8264,213,13,13,1.292942788240101,2.8266500525854807,1.711982538306296,0.9676505489626859
S2_rain,E1_traffic_only,E1_traffic_only_xgboost,6,20260718,8264,213,13,13,1.2919976077490603,2.8190295635019673,1.7041800957918245,0.9678247384334278
S2_rain,E3_meteorology,E3_meteorology_aware_xgboost,6,42,8264,213,13,13,1.4278324936851068,2.917655003402631,1.8499913271838246,0.9655340145206842
S2_rain,E3_meteorology,E3_meteorology_aware_xgboost,6,2025,8264,213,13,13,1.4070045691222752,2.8898829830621047,1.8273638836034383,0.9661870283206339
S2_rain,E3_meteorology,E3_meteorology_aware_xgboost,6,20260623,8264,213,13,13,1.4200359808856267,2.8896735534242466,1.8412698579696802,0.9661919289909099
S2_rain,E3_meteorology,E3_meteorology_aware_xgboost,6,20260715,8264,213,13,13,1.4241017186822487,2.8979128854301703,1.8452321341875406,0.9659988600923677
S2_rain,E3_meteorology,E3_meteorology_aware_xgboost,6,20260718,8264,213,13,13,1.4300276805524408,2.9109878031839393,1.8556348812114587,0.965691352571006
S2_rain,E4_atmospheric,E4_atmospheric_context_xgboost,6,42,8264,213,13,13,1.5329948597317478,2.9286846219049263,1.9445597013799973,0.9652729382759576
S2_rain,E4_atmospheric,E4_atmospheric_context_xgboost,6,2025,8264,213,13,13,1.4952992613756415,2.9116161637505384,1.9132271985401221,0.9656765393671366
S2_rain,E4_atmospheric,E4_atmospheric_context_xgboost,6,20260623,8264,213,13,13,1.5178476637969214,2.918426025996685,1.9329038823128217,0.9655157960783093
S2_rain,E4_atmospheric,E4_atmospheric_context_xgboost,6,20260715,8264,213,13,13,1.509691670095586,2.899821698128218,1.919031896163399,0.965954053236465
S2_rain,E4_atmospheric,E4_atmospheric_context_xgboost,6,20260718,8264,213,13,13,1.505840080959176,2.92541066689899,1.9228486589367555,0.9653505371320525
S2_rain,E5_full_fusion,E5_full_fusion_xgboost,6,42,8264,213,13,13,1.6057784072811967,2.947665127672094,2.021549200376666,0.9648213545917408
S2_rain,E5_full_fusion,E5_full_fusion_xgboost,6,2025,8264,213,13,13,1.6069500394158305,2.9577536835105804,2.0281953723610875,0.9645801405806105
S2_rain,E5_full_fusion,E5_full_fusion_xgboost,6,20260623,8264,213,13,13,1.6390596583336545,2.99150803128113,2.0579226100185024,0.9637670936391166
S2_rain,E5_full_fusion,E5_full_fusion_xgboost,6,20260715,8264,213,13,13,1.6398051017559359,2.9939804911884966,2.0618470434595597,0.9637071764148922
S2_rain,E5_full_fusion,E5_full_fusion_xgboost,6,20260718,8264,213,13,13,1.627033958915127,2.9752772927377764,2.045447020931061,0.9641591978624644
S3_widespread_rain,E1_traffic_only,E1_traffic_only_xgboost,6,42,8235,164,13,14,1.3946807043881968,2.967854243583483,1.855897885130027,0.9657221799668533
S3_widespread_rain,E1_traffic_only,E1_traffic_only_xgboost,6,2025,8235,164,13,14,1.378857256903433,2.9088679661096046,1.8281452045250157,0.9670711869867417
S3_widespread_rain,E1_traffic_only,E1_traffic_only_xgboost,6,20260623,8235,164,13,14,1.3945568626850051,2.9445777215097513,1.8549074287157667,0.9662577451102673
S3_widespread_rain,E1_traffic_only,E1_traffic_only_xgboost,6,20260715,8235,164,13,14,1.3835051859624228,2.940376150968116,1.8423955835666583,0.9663539689715849
S3_widespread_rain,E1_traffic_only,E1_traffic_only_xgboost,6,20260718,8235,164,13,14,1.3817452018411986,2.9303354420809584,1.833486067815713,0.9665833635657008
S3_widespread_rain,E3_meteorology,E3_meteorology_aware_xgboost,6,42,8235,164,13,14,1.518401301711514,3.0330915231838356,1.981362479440138,0.9641986759541437
S3_widespread_rain,E3_meteorology,E3_meteorology_aware_xgboost,6,2025,8235,164,13,14,1.4967683171926782,3.0039415992781824,1.9573289483676999,0.9648835158332999
S3_widespread_rain,E3_meteorology,E3_meteorology_aware_xgboost,6,20260623,8235,164,13,14,1.5108768647036992,3.0034749713400624,1.9720001311375361,0.9648944248735356
S3_widespread_rain,E3_meteorology,E3_meteorology_aware_xgboost,6,20260715,8235,164,13,14,1.515497347398027,3.0137239811189818,1.977192740787544,0.9646544286893746
S3_widespread_rain,E3_meteorology,E3_meteorology_aware_xgboost,6,20260718,8235,164,13,14,1.523392059875871,3.0268715130621753,1.989754941989609,0.9643453621090257
S3_widespread_rain,E4_atmospheric,E4_atmospheric_context_xgboost,6,42,8235,164,13,14,1.6032141580834511,3.0271189306335313,2.0542086935643247,0.9643395330248269
S3_widespread_rain,E4_atmospheric,E4_atmospheric_context_xgboost,6,2025,8235,164,13,14,1.5680046016073161,3.0085603081511136,2.0250749377364268,0.9647754461512612
S3_widespread_rain,E4_atmospheric,E4_atmospheric_context_xgboost,6,20260623,8235,164,13,14,1.5927531550765834,3.0205699215643262,2.047796457428451,0.9644936651224287
S3_widespread_rain,E4_atmospheric,E4_atmospheric_context_xgboost,6,20260715,8235,164,13,14,1.5801310841464438,2.9927062789852634,2.0277483227447797,0.9651457094193622
S3_widespread_rain,E4_atmospheric,E4_atmospheric_context_xgboost,6,20260718,8235,164,13,14,1.5748499896125352,3.020330651523579,2.030932414878655,0.9644992900646947
S3_widespread_rain,E5_full_fusion,E5_full_fusion_xgboost,6,42,8235,164,13,14,1.6771315500876653,3.043137304351999,2.1318840507204344,0.9639611309548658
S3_widespread_rain,E5_full_fusion,E5_full_fusion_xgboost,6,2025,8235,164,13,14,1.6738060497229121,3.043263347847411,2.1330496853233063,0.9639581455101468
S3_widespread_rain,E5_full_fusion,E5_full_fusion_xgboost,6,20260623,8235,164,13,14,1.702919317267487,3.0778477987142545,2.159475344798499,0.9631343124658498
S3_widespread_rain,E5_full_fusion,E5_full_fusion_xgboost,6,20260715,8235,164,13,14,1.7116993276398809,3.0885138706995785,2.1731760827682978,0.9628783586776005
S3_widespread_rain,E5_full_fusion,E5_full_fusion_xgboost,6,20260718,8235,164,13,14,1.6984996607428595,3.0698819132593833,2.1574190965606563,0.963324892271797
S4_post_rain_1_3h,E1_traffic_only,E1_traffic_only_xgboost,6,42,2050,115,13,24,1.2784334359517913,3.0839681587260377,1.6914762966820707,0.9599246826734236
S4_post_rain_1_3h,E1_traffic_only,E1_traffic_only_xgboost,6,2025,2050,115,13,24,1.265328819460985,3.07518461754997,1.672212397810909,0.9601526369883933
S4_post_rain_1_3h,E1_traffic_only,E1_traffic_only_xgboost,6,20260623,2050,115,13,24,1.2724086507161456,3.079492255398112,1.6829194848502542,0.9600409245220335
S4_post_rain_1_3h,E1_traffic_only,E1_traffic_only_xgboost,6,20260715,2050,115,13,24,1.274501749054203,3.073020533704274,1.6851799866788297,0.9602087004142638
S4_post_rain_1_3h,E1_traffic_only,E1_traffic_only_xgboost,6,20260718,2050,115,13,24,1.2563151916255797,3.055181044648935,1.6644889807590477,0.9606693520874163
S4_post_rain_1_3h,E3_meteorology,E3_meteorology_aware_xgboost,6,42,2050,115,13,24,1.3596051304514816,3.025302746520966,1.7632605621935713,0.961434862655369
S4_post_rain_1_3h,E3_meteorology,E3_meteorology_aware_xgboost,6,2025,2050,115,13,24,1.3463482883112219,3.017848813155024,1.7538701594224948,0.9616246670184585
S4_post_rain_1_3h,E3_meteorology,E3_meteorology_aware_xgboost,6,20260623,2050,115,13,24,1.3708074182029664,3.019305435619211,1.7813656744122133,0.9615876129009313
S4_post_rain_1_3h,E3_meteorology,E3_meteorology_aware_xgboost,6,20260715,2050,115,13,24,1.3640944007935563,3.0290234914406584,1.770419966119376,0.9613399437074688
S4_post_rain_1_3h,E3_meteorology,E3_meteorology_aware_xgboost,6,20260718,2050,115,13,24,1.3869968277845928,3.0376899368036043,1.7964725958015724,0.9611184039462773
S4_post_rain_1_3h,E4_atmospheric,E4_atmospheric_context_xgboost,6,42,2050,115,13,24,1.5236390989970385,3.174500028601653,1.9558968324339916,0.9575372741578997
S4_post_rain_1_3h,E4_atmospheric,E4_atmospheric_context_xgboost,6,2025,2050,115,13,24,1.495465234275756,3.1639121526402314,1.9381711764112826,0.9578200527458193
S4_post_rain_1_3h,E4_atmospheric,E4_atmospheric_context_xgboost,6,20260623,2050,115,13,24,1.488208496589971,3.165282479792258,1.924281436117347,0.9577835075819833
S4_post_rain_1_3h,E4_atmospheric,E4_atmospheric_context_xgboost,6,20260715,2050,115,13,24,1.5096441067331208,3.1277597572328477,1.937035617929667,0.9587784826260259
S4_post_rain_1_3h,E4_atmospheric,E4_atmospheric_context_xgboost,6,20260718,2050,115,13,24,1.461858114227047,3.1413820099230363,1.8965847880741034,0.9584186386622064
S4_post_rain_1_3h,E5_full_fusion,E5_full_fusion_xgboost,6,42,2050,115,13,24,1.4783429296229913,3.0769938797868495,1.9085624637559768,0.96010573538983
S4_post_rain_1_3h,E5_full_fusion,E5_full_fusion_xgboost,6,2025,2050,115,13,24,1.449858853099792,3.0645155250321,1.8828749192502916,0.9604286514526026
S4_post_rain_1_3h,E5_full_fusion,E5_full_fusion_xgboost,6,20260623,2050,115,13,24,1.455272163453141,3.057726013963515,1.8815216781148687,0.9606037998465878
S4_post_rain_1_3h,E5_full_fusion,E5_full_fusion_xgboost,6,20260715,2050,115,13,24,1.4703464576287,3.0926666778331873,1.8987865650528755,0.9596982941288767
S4_post_rain_1_3h,E5_full_fusion,E5_full_fusion_xgboost,6,20260718,2050,115,13,24,1.475746388008924,3.067337523620758,1.9048299811125997,0.9603557383246698
S5_post_rain_4_6h,E1_traffic_only,E1_traffic_only_xgboost,6,42,1098,63,10,11,0.7578513672949693,2.0139824382403453,1.0208452465937834,0.9809053371178018
S5_post_rain_4_6h,E1_traffic_only,E1_traffic_only_xgboost,6,2025,1098,63,10,11,0.7496513929523405,1.9922000278568375,1.0116114353367411,0.9813161436102334
S5_post_rain_4_6h,E1_traffic_only,E1_traffic_only_xgboost,6,20260623,1098,63,10,11,0.7385945948384788,1.9974316872995619,0.9978925556359813,0.9812178844812388
S5_post_rain_4_6h,E1_traffic_only,E1_traffic_only_xgboost,6,20260715,1098,63,10,11,0.7575780594066627,2.042285289133422,1.0214670204736844,0.9803648847394121
S5_post_rain_4_6h,E1_traffic_only,E1_traffic_only_xgboost,6,20260718,1098,63,10,11,0.7457316953917308,2.02529980454644,1.005114135755142,0.9806901331818919
S5_post_rain_4_6h,E3_meteorology,E3_meteorology_aware_xgboost,6,42,1098,63,10,11,0.7944771964114292,2.1821900427376106,1.0585157629874613,0.977582572371693
S5_post_rain_4_6h,E3_meteorology,E3_meteorology_aware_xgboost,6,2025,1098,63,10,11,0.8149319679431648,2.197297195938045,1.0880837103821739,0.9772711093193314
S5_post_rain_4_6h,E3_meteorology,E3_meteorology_aware_xgboost,6,20260623,1098,63,10,11,0.8031098181070815,2.1715889452668486,1.0662259091753423,0.9777998514165603
S5_post_rain_4_6h,E3_meteorology,E3_meteorology_aware_xgboost,6,20260715,1098,63,10,11,0.8010921524594462,2.164617213846277,1.0706624075083346,0.977942166590119
S5_post_rain_4_6h,E3_meteorology,E3_meteorology_aware_xgboost,6,20260718,1098,63,10,11,0.8131259600900489,2.2037546842471247,1.0838712504356198,0.9771373202127767
S5_post_rain_4_6h,E4_atmospheric,E4_atmospheric_context_xgboost,6,42,1098,63,10,11,1.0687213022200788,2.4020529375120487,1.3632513405349433,0.9728377472855247
S5_post_rain_4_6h,E4_atmospheric,E4_atmospheric_context_xgboost,6,2025,1098,63,10,11,1.0063210135890124,2.319082888735692,1.3085528452484947,0.9746817793882944
S5_post_rain_4_6h,E4_atmospheric,E4_atmospheric_context_xgboost,6,20260623,1098,63,10,11,1.021356879108663,2.3482557165165994,1.3088729157213954,0.9740407934914149
S5_post_rain_4_6h,E4_atmospheric,E4_atmospheric_context_xgboost,6,20260715,1098,63,10,11,1.0223544676085277,2.3317971466348464,1.286599694386282,0.9744034065927597
S5_post_rain_4_6h,E4_atmospheric,E4_atmospheric_context_xgboost,6,20260718,1098,63,10,11,1.0112576730770997,2.3140403870315773,1.2960643728972152,0.9747917611181737
S5_post_rain_4_6h,E5_full_fusion,E5_full_fusion_xgboost,6,42,1098,63,10,11,0.9359158873196145,2.2867306478834517,1.2048218399942403,0.975383253028378
S5_post_rain_4_6h,E5_full_fusion,E5_full_fusion_xgboost,6,2025,1098,63,10,11,0.9197678094063662,2.285647327731333,1.1864863424692527,0.9754065714732216
S5_post_rain_4_6h,E5_full_fusion,E5_full_fusion_xgboost,6,20260623,1098,63,10,11,0.9531500063017778,2.318891592079767,1.2235731684024853,0.9746859561179867
S5_post_rain_4_6h,E5_full_fusion,E5_full_fusion_xgboost,6,20260715,1098,63,10,11,0.9505724023889611,2.2928506419597108,1.2106118326078112,0.9752513127454678
S5_post_rain_4_6h,E5_full_fusion,E5_full_fusion_xgboost,6,20260718,1098,63,10,11,0.9532467298386093,2.2938362120508087,1.2313433449946498,0.9752300319801182
S6_elevated_pm2_5,E1_traffic_only,E1_traffic_only_xgboost,6,42,2386,117,12,13,1.3360022720460552,2.787135265284487,2.1841554373794336,0.9790102295139138
S6_elevated_pm2_5,E1_traffic_only,E1_traffic_only_xgboost,6,2025,2386,117,12,13,1.2872347276148832,2.6183694094568715,2.102913125480744,0.9814752040107497
S6_elevated_pm2_5,E1_traffic_only,E1_traffic_only_xgboost,6,20260623,2386,117,12,13,1.3132393531340998,2.717319529635394,2.1494289582784907,0.9800486164722828
S6_elevated_pm2_5,E1_traffic_only,E1_traffic_only_xgboost,6,20260715,2386,117,12,13,1.313886018397589,2.710962652275845,2.156509934167137,0.9801418555235085
S6_elevated_pm2_5,E1_traffic_only,E1_traffic_only_xgboost,6,20260718,2386,117,12,13,1.307404131488315,2.6890842443855454,2.137075551777835,0.980461086365418
S6_elevated_pm2_5,E3_meteorology,E3_meteorology_aware_xgboost,6,42,2386,117,12,13,1.3848836034927732,2.850329662333966,2.23226556862108,0.978047611411503
S6_elevated_pm2_5,E3_meteorology,E3_meteorology_aware_xgboost,6,2025,2386,117,12,13,1.3647228943365652,2.7759500614623858,2.1989205704067643,0.9791783618396858
S6_elevated_pm2_5,E3_meteorology,E3_meteorology_aware_xgboost,6,20260623,2386,117,12,13,1.3761604593665482,2.790280691482623,2.2191099501833675,0.9789628266990632
S6_elevated_pm2_5,E3_meteorology,E3_meteorology_aware_xgboost,6,20260715,2386,117,12,13,1.3865934933121227,2.8013279084153533,2.2329600890795365,0.9787959171270988
S6_elevated_pm2_5,E3_meteorology,E3_meteorology_aware_xgboost,6,20260718,2386,117,12,13,1.3865280956088182,2.815638790177711,2.2395349192408465,0.9785787171177537
S6_elevated_pm2_5,E4_atmospheric,E4_atmospheric_context_xgboost,6,42,2386,117,12,13,1.3028962422296568,2.6092106102390424,2.1325520259906043,0.981604573190548
S6_elevated_pm2_5,E4_atmospheric,E4_atmospheric_context_xgboost,6,2025,2386,117,12,13,1.445797642305198,2.7253927734998133,2.3230106837618254,0.9799298879543338
S6_elevated_pm2_5,E4_atmospheric,E4_atmospheric_context_xgboost,6,20260623,2386,117,12,13,1.331637256469897,2.6286717152649115,2.1789185289588526,0.9813291409146492
S6_elevated_pm2_5,E4_atmospheric,E4_atmospheric_context_xgboost,6,20260715,2386,117,12,13,1.3753073735755394,2.6246098853835536,2.1770002047339645,0.9813867968482421
S6_elevated_pm2_5,E4_atmospheric,E4_atmospheric_context_xgboost,6,20260718,2386,117,12,13,1.4154237910801222,2.6962176581028405,2.253798386043241,0.9803572859564521
S6_elevated_pm2_5,E5_full_fusion,E5_full_fusion_xgboost,6,42,2386,117,12,13,1.3548685619037688,2.6329926665406314,2.197953940960857,0.9812677089918234
S6_elevated_pm2_5,E5_full_fusion,E5_full_fusion_xgboost,6,2025,2386,117,12,13,1.309635854626741,2.5916415469040004,2.1572707288631787,0.9818514695656981
S6_elevated_pm2_5,E5_full_fusion,E5_full_fusion_xgboost,6,20260623,2386,117,12,13,1.3510012055082872,2.643430223140925,2.204664351719268,0.9811188997046867
S6_elevated_pm2_5,E5_full_fusion,E5_full_fusion_xgboost,6,20260715,2386,117,12,13,1.4345029152515516,2.681194972148847,2.2621205441128565,0.9805755652544419
S6_elevated_pm2_5,E5_full_fusion,E5_full_fusion_xgboost,6,20260718,2386,117,12,13,1.3377097834085878,2.595381128119072,2.1779254013711316,0.9817990573266645
S7_elevated_aod,E1_traffic_only,E1_traffic_only_xgboost,6,42,3492,102,9,10,1.486285756662084,3.335706960606528,2.09444763193504,0.9627282787968566
S7_elevated_aod,E1_traffic_only,E1_traffic_only_xgboost,6,2025,3492,102,9,10,1.4477394682981441,3.2289119818641194,2.0291027250937153,0.9650766352678372
S7_elevated_aod,E1_traffic_only,E1_traffic_only_xgboost,6,20260623,3492,102,9,10,1.46801703381329,3.287918336273057,2.0709322122234153,0.963788567053896
S7_elevated_aod,E1_traffic_only,E1_traffic_only_xgboost,6,20260715,3492,102,9,10,1.4760753953488739,3.294262078302794,2.0809594837304086,0.9636486988614614
S7_elevated_aod,E1_traffic_only,E1_traffic_only_xgboost,6,20260718,3492,102,9,10,1.4529896886533522,3.2646873302001516,2.041762996580876,0.9642984678827116
S7_elevated_aod,E3_meteorology,E3_meteorology_aware_xgboost,6,42,3492,102,9,10,1.5536611906578175,3.2752299640110865,2.1384918123315533,0.9640675141187299
S7_elevated_aod,E3_meteorology,E3_meteorology_aware_xgboost,6,2025,3492,102,9,10,1.5482241746713843,3.2389271571461387,2.131497629647393,0.9648596544053659
S7_elevated_aod,E3_meteorology,E3_meteorology_aware_xgboost,6,20260623,3492,102,9,10,1.5580069807386892,3.244436236343907,2.1458973826502343,0.9647400125754765
S7_elevated_aod,E3_meteorology,E3_meteorology_aware_xgboost,6,20260715,3492,102,9,10,1.5642752187495108,3.257014741952615,2.149488640026966,0.9644660804252443
S7_elevated_aod,E3_meteorology,E3_meteorology_aware_xgboost,6,20260718,3492,102,9,10,1.5646499599560202,3.2598131591536923,2.152880599718512,0.9644049929212751
S7_elevated_aod,E4_atmospheric,E4_atmospheric_context_xgboost,6,42,3492,102,9,10,1.4057293601689698,3.1301702765485664,1.9568103274652568,0.9671799232133421
S7_elevated_aod,E4_atmospheric,E4_atmospheric_context_xgboost,6,2025,3492,102,9,10,1.4146959623065145,3.1546263084414043,1.9781082350256243,0.9666650730150346
S7_elevated_aod,E4_atmospheric,E4_atmospheric_context_xgboost,6,20260623,3492,102,9,10,1.3861403591626469,3.1503144286387723,1.9412181267143291,0.9667561379792589
S7_elevated_aod,E4_atmospheric,E4_atmospheric_context_xgboost,6,20260715,3492,102,9,10,1.4083493922766313,3.1444667603346184,1.957818725301664,0.9668794391031147
S7_elevated_aod,E4_atmospheric,E4_atmospheric_context_xgboost,6,20260718,3492,102,9,10,1.3984309521646343,3.177182507233724,1.9519497576338858,0.966186666182958
S7_elevated_aod,E5_full_fusion,E5_full_fusion_xgboost,6,42,3492,102,9,10,1.4529280049694364,3.0778105920305143,2.009030440348432,0.9682687305974091
S7_elevated_aod,E5_full_fusion,E5_full_fusion_xgboost,6,2025,3492,102,9,10,1.428633851629944,3.0535208040113933,1.9927444766643791,0.9687675946165966
S7_elevated_aod,E5_full_fusion,E5_full_fusion_xgboost,6,20260623,3492,102,9,10,1.4487286820034802,3.063006427392688,2.004067600451187,0.9685732491307814
S7_elevated_aod,E5_full_fusion,E5_full_fusion_xgboost,6,20260715,3492,102,9,10,1.44161700444988,3.105259687864374,2.000646793286362,0.9677002234973975
S7_elevated_aod,E5_full_fusion,E5_full_fusion_xgboost,6,20260718,3492,102,9,10,1.4361445856258224,3.062968026864047,1.9802015053563733,0.9685740371123353
S8_rain_elevated_atmospheric_pollution,E1_traffic_only,E1_traffic_only_xgboost,6,42,2081,95,12,15,1.8064260568027597,3.640878578464752,2.594116563463094,0.9599435843886637
S8_rain_elevated_atmospheric_pollution,E1_traffic_only,E1_traffic_only_xgboost,6,2025,2081,95,12,15,1.7467782160648833,3.4815016642402106,2.4945555861784663,0.9633737118843783
S8_rain_elevated_atmospheric_pollution,E1_traffic_only,E1_traffic_only_xgboost,6,20260623,2081,95,12,15,1.7815122298546637,3.569812961916303,2.5618803686742764,0.9614920306544775
S8_rain_elevated_atmospheric_pollution,E1_traffic_only,E1_traffic_only_xgboost,6,20260715,2081,95,12,15,1.7800024193600739,3.57316094095676,2.5583927105834117,0.9614197667393627
S8_rain_elevated_atmospheric_pollution,E1_traffic_only,E1_traffic_only_xgboost,6,20260718,2081,95,12,15,1.7654980512989,3.545739728475674,2.5237485644468753,0.9620096407751378
S8_rain_elevated_atmospheric_pollution,E3_meteorology,E3_meteorology_aware_xgboost,6,42,2081,95,12,15,1.9109689040690416,3.6289754776792336,2.6838943596846834,0.9602050686153757
S8_rain_elevated_atmospheric_pollution,E3_meteorology,E3_meteorology_aware_xgboost,6,2025,2081,95,12,15,1.9055661348278432,3.576444320359461,2.679057675633254,0.961348831371197
S8_rain_elevated_atmospheric_pollution,E3_meteorology,E3_meteorology_aware_xgboost,6,20260623,2081,95,12,15,1.9288134804486887,3.5933611336512183,2.711312221557082,0.9609823215464622
S8_rain_elevated_atmospheric_pollution,E3_meteorology,E3_meteorology_aware_xgboost,6,20260715,2081,95,12,15,1.9360007385517872,3.599871064216961,2.710132004817793,0.9608408203444131
S8_rain_elevated_atmospheric_pollution,E3_meteorology,E3_meteorology_aware_xgboost,6,20260718,2081,95,12,15,1.9241684855739598,3.6038156323627515,2.703442006142022,0.9607549557797003
S8_rain_elevated_atmospheric_pollution,E4_atmospheric,E4_atmospheric_context_xgboost,6,42,2081,95,12,15,1.7085909584212835,3.4321898614703144,2.4441408369073314,0.9644039095738834
S8_rain_elevated_atmospheric_pollution,E4_atmospheric,E4_atmospheric_context_xgboost,6,2025,2081,95,12,15,1.7014110938528497,3.4499960941664045,2.4404483532274566,0.9640336057977635
S8_rain_elevated_atmospheric_pollution,E4_atmospheric,E4_atmospheric_context_xgboost,6,20260623,2081,95,12,15,1.6892883825050073,3.4476020276893147,2.429486756487832,0.9640835050210853
S8_rain_elevated_atmospheric_pollution,E4_atmospheric,E4_atmospheric_context_xgboost,6,20260715,2081,95,12,15,1.6908058694438945,3.4296459921309106,2.4186081906478853,0.9644566562161809
S8_rain_elevated_atmospheric_pollution,E4_atmospheric,E4_atmospheric_context_xgboost,6,20260718,2081,95,12,15,1.684705877052025,3.475563050605335,2.426692668387499,0.9634985567848451
S8_rain_elevated_atmospheric_pollution,E5_full_fusion,E5_full_fusion_xgboost,6,42,2081,95,12,15,1.7787140195651943,3.405302668418161,2.518725358267033,0.9649594325470237
S8_rain_elevated_atmospheric_pollution,E5_full_fusion,E5_full_fusion_xgboost,6,2025,2081,95,12,15,1.746294168682792,3.389795092211959,2.492754534057221,0.9652778518053736
S8_rain_elevated_atmospheric_pollution,E5_full_fusion,E5_full_fusion_xgboost,6,20260623,2081,95,12,15,1.7673511130561934,3.4036395460329665,2.49907448994152,0.9649936512505258
S8_rain_elevated_atmospheric_pollution,E5_full_fusion,E5_full_fusion_xgboost,6,20260715,2081,95,12,15,1.7525569905383873,3.420617422347194,2.493933440441778,0.9646435461559832
S8_rain_elevated_atmospheric_pollution,E5_full_fusion,E5_full_fusion_xgboost,6,20260718,2081,95,12,15,1.7389129793875,3.39343120741273,2.459446308041829,0.9652033213742361
