scenario,reliability_group,experiment,model,horizon,seed_count,sample_count_mean,MAE_mean,MAE_std,RMSE_mean,RMSE_std,sMAPE_mean,sMAPE_std,R2_mean,R2_std
S1_dry,High,E1_traffic_only,E1_traffic_only_xgboost,1,5,2669.0,0.85080267881296,0.0029436023121889,2.5201154406664075,0.0072130464174805,0.9515957498752234,0.0031184275332796,0.9192704762006756,0.0004616903048901
S1_dry,High,E1_traffic_only,E1_traffic_only_xgboost,3,5,2565.0,0.8593111413233151,0.0029077319023403,2.2956295616760856,0.0064395442354982,0.97891467026405,0.003187922401043,0.9402577801273112,0.0003348950209505
S1_dry,High,E1_traffic_only,E1_traffic_only_xgboost,6,5,2442.0,0.7908559062394359,0.0020320682502784,2.4569699121105346,0.0029147513832176,0.9058766884866224,0.0027194619926763,0.940397810290469,0.000141410393417
S1_dry,High,E3_meteorology,E3_meteorology_aware_xgboost,1,5,2669.0,0.8313522687606838,0.0066741086297218,2.475849995538164,0.0055575711824138,0.9296637725463408,0.0072249872667421,0.9220817694378024,0.0003496235508214
S1_dry,High,E3_meteorology,E3_meteorology_aware_xgboost,3,5,2565.0,0.8938385125768115,0.0049292853107402,2.2785654917062006,0.0073310040397309,1.0143040817793458,0.0046012287852421,0.9411425242002476,0.0003788786102829
S1_dry,High,E3_meteorology,E3_meteorology_aware_xgboost,6,5,2442.0,0.9213992172728592,0.0141667914084215,2.4807805051769,0.0178630499651103,1.0438619721896956,0.0144217974125933,0.9392345463457088,0.0008717779741838
S1_dry,High,E4_atmospheric,E4_atmospheric_context_xgboost,1,5,2669.0,1.100077505672679,0.0493050483119011,2.5228711817960394,0.0411042387976019,1.2052633599149292,0.050280748358884,0.919077173622964,0.0026528386860356
S1_dry,High,E4_atmospheric,E4_atmospheric_context_xgboost,3,5,2565.0,1.1678917086813805,0.0379524175481533,2.393668667514775,0.0335919082171546,1.29602481373515,0.0384100637479169,0.9350361889645968,0.0018267582584047
S1_dry,High,E4_atmospheric,E4_atmospheric_context_xgboost,6,5,2442.0,1.1354259141051897,0.0499775263062729,2.619859168274957,0.0331710158316907,1.2711860224285574,0.0516725205535505,0.932224358542766,0.0017185455543762
S1_dry,High,E5_full_fusion,E5_full_fusion_xgboost,1,5,2669.0,0.947178815982457,0.0236059005581222,2.4533705777289665,0.0038623154436387,1.0460162928071677,0.0241249526172759,0.9234904160479164,0.000240851500229
S1_dry,High,E5_full_fusion,E5_full_fusion_xgboost,3,5,2565.0,1.1047499788419386,0.0195838686273365,2.413278364883011,0.0113608878542446,1.2321846297908885,0.020151548219631,0.933976652000322,0.0006201610567889
S1_dry,High,E5_full_fusion,E5_full_fusion_xgboost,6,5,2442.0,1.0642121477723283,0.0345650633308477,2.500743279661987,0.0229517866497228,1.1936977547665473,0.036691085354138,0.9382510557981438,0.0011357701884607
S1_dry,Medium,E1_traffic_only,E1_traffic_only_xgboost,1,5,731.0,0.9450051658619932,0.0024638561739655,2.419769410845336,0.0064492381890718,1.1537789255251714,0.003539712735718,0.96944001198205,0.0001629726066401
S1_dry,Medium,E1_traffic_only,E1_traffic_only_xgboost,3,5,717.0,1.0419396528583635,0.0042581224529277,2.36165131952008,0.0073905642580315,1.3618329527900292,0.0050457708109729,0.9715552652385292,0.000178153635389
S1_dry,Medium,E1_traffic_only,E1_traffic_only_xgboost,6,5,686.0,0.8414963109616055,0.0057700588305977,2.177797486370568,0.0063473519031149,1.0981177328260592,0.0083334516550923,0.975589878371152,0.0001423273393839
S1_dry,Medium,E3_meteorology,E3_meteorology_aware_xgboost,1,5,731.0,0.9404352597759782,0.0086876273118745,2.397780719934766,0.0061658311609699,1.1421606798007795,0.0092152252823052,0.9699929037068638,0.000154209490133
S1_dry,Medium,E3_meteorology,E3_meteorology_aware_xgboost,3,5,717.0,1.112839734349235,0.0130486555713045,2.365024161700497,0.0086597346419284,1.4441049561279076,0.0148680787904931,0.9714738768495984,0.0002090457235868
S1_dry,Medium,E3_meteorology,E3_meteorology_aware_xgboost,6,5,686.0,0.9161367814904632,0.0119374364852553,2.168435825353228,0.0255695135068409,1.18491174164651,0.0170361927196085,0.9757967625661544,0.0005726862293288
S1_dry,Medium,E4_atmospheric,E4_atmospheric_context_xgboost,1,5,731.0,1.0787178408322244,0.0158088460615523,2.3752265147969966,0.0206397514968862,1.2775155939889915,0.0188955925414422,0.9705531363095916,0.0005126764634215
S1_dry,Medium,E4_atmospheric,E4_atmospheric_context_xgboost,3,5,717.0,1.2510287662153188,0.0106354230508748,2.3834071502357914,0.0232536588406152,1.5887002018333445,0.0164642596876845,0.9710267991369084,0.0005661771948825
S1_dry,Medium,E4_atmospheric,E4_atmospheric_context_xgboost,6,5,686.0,0.9962612567304754,0.016545584779258,2.2043012972802445,0.0119607091242425,1.263503418895266,0.0188163893479015,0.9749917012220772,0.0002717527245697
S1_dry,Medium,E5_full_fusion,E5_full_fusion_xgboost,1,5,731.0,0.981281167102958,0.0087007923296313,2.324524239079952,0.0057198161139005,1.168356867119695,0.0096310880598066,0.9717984480237132,0.0001387975970385
S1_dry,Medium,E5_full_fusion,E5_full_fusion_xgboost,3,5,717.0,1.2066503002498383,0.0299450741283771,2.365412723254388,0.0290536340510507,1.538243159884651,0.0350547951477085,0.9714613647865724,0.0007063350499545
S1_dry,Medium,E5_full_fusion,E5_full_fusion_xgboost,6,5,686.0,0.9667389208883538,0.025093764572411,2.172725689204856,0.022165158110873,1.2291932909432632,0.0244970337524206,0.9757015840176786,0.0004958374442503
S1_dry,Low,E1_traffic_only,E1_traffic_only_xgboost,1,5,2092.0,1.760079080497785,0.0105794929222677,3.304009574371662,0.0301920380632538,2.509115871589243,0.0109371101272673,0.9735544704948952,0.0004833117532586
S1_dry,Low,E1_traffic_only,E1_traffic_only_xgboost,3,5,2040.0,1.6205994053759605,0.0063373598336554,3.2287386053946365,0.0226320445047118,2.531895226660687,0.0104419022240612,0.974438807634574,0.0003582310697225
S1_dry,Low,E1_traffic_only,E1_traffic_only_xgboost,6,5,1995.0,1.5405889872182084,0.0122093230871087,2.967743250240725,0.0173136271634782,2.5079591791482416,0.0201718642124773,0.9791864625434948,0.0002432747721688
S1_dry,Low,E3_meteorology,E3_meteorology_aware_xgboost,1,5,2092.0,1.8116148447215443,0.0108501143813399,3.444739537044483,0.0027961827608822,2.564219248391573,0.0150925948215119,0.9712555720439549,4.667438945256782e-05
S1_dry,Low,E3_meteorology,E3_meteorology_aware_xgboost,3,5,2040.0,1.6567971037571727,0.0064243614841429,3.1942800892379184,0.0062365501196193,2.549299196598545,0.0127136931890673,0.9749824038046068,9.779159300545328e-05
S1_dry,Low,E3_meteorology,E3_meteorology_aware_xgboost,6,5,1995.0,1.6098997424897696,0.0079358141534744,3.112010307289593,0.0133244134026185,2.580354899586746,0.012287652002342,0.9771140025586948,0.0001961247748254
S1_dry,Low,E4_atmospheric,E4_atmospheric_context_xgboost,1,5,2092.0,1.903151417690299,0.0058960949659723,3.462803504944591,0.0132991640282859,2.673774379819647,0.0041055391821081,0.9709529867155726,0.0002232673933101
S1_dry,Low,E4_atmospheric,E4_atmospheric_context_xgboost,3,5,2040.0,1.7198241449243885,0.0120115104832608,3.216701079148103,0.0079535495052697,2.5575211878927333,0.0151287954414041,0.9746299222162766,0.0001255315443597
S1_dry,Low,E4_atmospheric,E4_atmospheric_context_xgboost,6,5,1995.0,1.7238741241939486,0.0241516804861576,3.1884592803416054,0.0284499305929044,2.733434621740037,0.0555048081942842,0.9759745886072356,0.0004289390289443
S1_dry,Low,E5_full_fusion,E5_full_fusion_xgboost,1,5,2092.0,1.8532636358481145,0.0069011383648334,3.487764006423486,0.0144976355300022,2.62723383516338,0.0141707222385724,0.9705326658554448,0.0002448974612187
S1_dry,Low,E5_full_fusion,E5_full_fusion_xgboost,3,5,2040.0,1.7189136530807594,0.0178646804379029,3.253866542633093,0.008518395225853,2.58665798075918,0.0266237752715294,0.9740402731156494,0.0001358726050692
S1_dry,Low,E5_full_fusion,E5_full_fusion_xgboost,6,5,1995.0,1.7045185404612606,0.0197907461511873,3.1764989293259887,0.0222007249025146,2.715336172356945,0.0164927197719666,0.9761550827435554,0.0003331361230889
S2_rain,High,E1_traffic_only,E1_traffic_only_xgboost,1,5,3650.0,0.5809333059232529,0.0014816487591981,1.6664655986827923,0.0046506302466314,0.6445777084878938,0.0014801417639492,0.9522124991487028,0.0002668179137356
S2_rain,High,E1_traffic_only,E1_traffic_only_xgboost,3,5,3639.0,0.8996585566754896,0.0038014919298666,2.291400361630794,0.0091424441361886,0.9979629765076888,0.0042401813119279,0.9186851662421084,0.000649244850742
S2_rain,High,E1_traffic_only,E1_traffic_only_xgboost,6,5,3558.0,0.9064147677608302,0.0035301968135245,2.059040281170705,0.0073652941237585,0.9914279161512964,0.0038236959533329,0.9347454623800716,0.0004666674493768
S2_rain,High,E3_meteorology,E3_meteorology_aware_xgboost,1,5,3650.0,0.6236028484187713,0.0035207830324101,1.6582781170082943,0.0053348768882672,0.6880928950022244,0.0035986665540417,0.9526808164547,0.0003046386639631
S2_rain,High,E3_meteorology,E3_meteorology_aware_xgboost,3,5,3639.0,0.972928116279414,0.0056558473145774,2.295354399445998,0.007970294124428,1.074675385212864,0.0057183355758614,0.9184045426387416,0.0005666770474177
S2_rain,High,E3_meteorology,E3_meteorology_aware_xgboost,6,5,3558.0,1.0369944431818847,0.0115517987836426,2.119392379193077,0.0137295371840264,1.1274786929098035,0.0126640996138002,0.9308624632661916,0.0008948369316323
S2_rain,High,E4_atmospheric,E4_atmospheric_context_xgboost,1,5,3650.0,0.7954718663463854,0.0149198444208714,1.7231345936701654,0.0183287079395185,0.8625240384908828,0.0152852009811786,0.948902857005704,0.0010887142107879
S2_rain,High,E4_atmospheric,E4_atmospheric_context_xgboost,3,5,3639.0,1.1229768459358154,0.0128427418211909,2.358629845901757,0.021932347538302,1.2314804417811716,0.0141651750308937,0.9138387654235262,0.0016068012882393
S2_rain,High,E4_atmospheric,E4_atmospheric_context_xgboost,6,5,3558.0,1.1445787202157127,0.0184725885408331,2.168963590490692,0.0250512072204256,1.2377666582595666,0.0192990740119865,0.927585180231882,0.0016787850730985
S2_rain,High,E5_full_fusion,E5_full_fusion_xgboost,1,5,3650.0,0.8056783764982878,0.0251367359775599,1.7425226253880317,0.0114612457921311,0.8749486161479639,0.0258184776774528,0.9477494592525676,0.000689959608785
S2_rain,High,E5_full_fusion,E5_full_fusion_xgboost,3,5,3639.0,1.1669577474612465,0.0218083248372051,2.38482485434725,0.0170703214256638,1.2803004126975943,0.0223279200207099,0.9119168023953012,0.0012622854888025
S2_rain,High,E5_full_fusion,E5_full_fusion_xgboost,6,5,3558.0,1.3149991755050423,0.0225899675021442,2.324535461756707,0.0211378428067545,1.420983536474632,0.0234508043026669,0.916827900287626,0.0015085484191793
S2_rain,Medium,E1_traffic_only,E1_traffic_only_xgboost,1,5,1814.0,0.7186225666801791,0.0021039991535957,1.9314131528559677,0.0041014634349115,0.886534103503634,0.0027260739122521,0.9835556666304144,6.984761236733216e-05
S2_rain,Medium,E1_traffic_only,E1_traffic_only_xgboost,3,5,1809.0,0.9897816199897864,0.0021738518818207,2.41214412123564,0.0056397806689771,1.2554134986713064,0.0028336687602429,0.9754343205664256,0.0001148692436503
S2_rain,Medium,E1_traffic_only,E1_traffic_only_xgboost,6,5,1795.0,0.9521116435583146,0.0084116702906062,2.206240697730909,0.0092871259626862,1.1695646050196042,0.010170233163185,0.9780364533868504,0.0001850561197184
S2_rain,Medium,E3_meteorology,E3_meteorology_aware_xgboost,1,5,1814.0,0.8020218888366543,0.004513769142169,1.9736565675203517,0.0040059154379465,0.9817961150491306,0.0048171852499256,0.982828472251194,6.972873580756667e-05
S2_rain,Medium,E3_meteorology,E3_meteorology_aware_xgboost,3,5,1809.0,1.0933713735478874,0.0091333541543851,2.4796431315488165,0.0091434158174351,1.3745584063175744,0.0112487145468172,0.974040073181375,0.0001916110351565
S2_rain,Medium,E3_meteorology,E3_meteorology_aware_xgboost,6,5,1795.0,1.0046626650102737,0.0109170608309533,2.121580395971166,0.0089087782402799,1.2049464780226162,0.0123273581602991,0.979689732465586,0.000170575812316
S2_rain,Medium,E4_atmospheric,E4_atmospheric_context_xgboost,1,5,1814.0,0.8819041406140087,0.0173260381610441,1.973502399828853,0.009012293569084,1.062904638813483,0.0182226134961091,0.9828309249253036,0.0001570108582312
S2_rain,Medium,E4_atmospheric,E4_atmospheric_context_xgboost,3,5,1809.0,1.2587271231192128,0.0216970896439925,2.607137986752136,0.0323195316886827,1.5501647321814478,0.0280206483309936,0.9712986847062444,0.0007114939179782
S2_rain,Medium,E4_atmospheric,E4_atmospheric_context_xgboost,6,5,1795.0,1.1898181886239083,0.01860142786081,2.2667011115208173,0.0231542887365762,1.3955261442608082,0.0185771085746936,0.9768145623780904,0.0004755288907342
S2_rain,Medium,E5_full_fusion,E5_full_fusion_xgboost,1,5,1814.0,0.9525919152217416,0.0185864678428278,2.0356610089482685,0.0150205550339767,1.1420495033605735,0.0210565272296299,0.9817318668299544,0.0002687262292457
S2_rain,Medium,E5_full_fusion,E5_full_fusion_xgboost,3,5,1809.0,1.3121980711046184,0.0222051915421424,2.629231888688044,0.0157988429590152,1.6148660592525867,0.0232623178258837,0.9708129163644116,0.000351348770386
S2_rain,Medium,E5_full_fusion,E5_full_fusion_xgboost,6,5,1795.0,1.293857194339111,0.0260673048174737,2.3429756785046534,0.036173170041879,1.502215514286192,0.0290544685957888,0.975225271781904,0.0007638949473006
S2_rain,Low,E1_traffic_only,E1_traffic_only_xgboost,1,5,2685.0,1.328025577765381,0.0140494742121873,2.7758428563203053,0.0156204803604246,2.003772065524936,0.0138726153496176,0.9821249576393384,0.000200993830586
S2_rain,Low,E1_traffic_only,E1_traffic_only_xgboost,3,5,2769.0,1.6566147247347516,0.0105299330128736,3.351229249215797,0.0142426728575439,2.5350720887829943,0.0150636026544541,0.9731467861728588,0.000228334105047
S2_rain,Low,E1_traffic_only,E1_traffic_only_xgboost,6,5,2911.0,1.982232093002929,0.0203268478491284,3.801230223889172,0.039836138268872,2.926251633482692,0.0333423809811945,0.9636867828651476,0.0007593872743084
S2_rain,Low,E3_meteorology,E3_meteorology_aware_xgboost,1,5,2685.0,1.357277285366899,0.0097394864350979,2.81900412474385,0.0145116124699672,2.058654244385258,0.0120180533260736,0.9815648381794791,0.0001903215576639
S2_rain,Low,E3_meteorology,E3_meteorology_aware_xgboost,3,5,2769.0,1.7061343478570994,0.0013662619007527,3.4317982472029547,0.0067922657862721,2.59182483070091,0.0053540506011707,0.9718403938656994,0.0001114947818733
S2_rain,Low,E3_meteorology,E3_meteorology_aware_xgboost,6,5,2911.0,2.1493519495487163,0.0109688856158606,3.9533990778362975,0.0183032651077846,3.1135446235895783,0.0136868870912155,0.960724024218041,0.0003642308454207
S2_rain,Low,E4_atmospheric,E4_atmospheric_context_xgboost,1,5,2685.0,1.480325470633717,0.0195821382610573,2.85012953434486,0.0083610465868103,2.192892895033656,0.0214433579855028,0.9811557649951728,0.0001106267324192
S2_rain,Low,E4_atmospheric,E4_atmospheric_context_xgboost,3,5,2769.0,1.8121874519845016,0.024676723214719,3.489013327061366,0.0202339310695923,2.6959082771229226,0.0301557563142298,0.9708929185990056,0.0003378897555988
S2_rain,Low,E4_atmospheric,E4_atmospheric_context_xgboost,6,5,2911.0,2.160700544529623,0.0127188713423388,3.902982965713914,0.0188107285205096,3.0957645851282893,0.0149987727375555,0.9617193234028738,0.0003695594250141
S2_rain,Low,E5_full_fusion,E5_full_fusion_xgboost,1,5,2685.0,1.5436785135677629,0.0178860685596878,2.878452482218516,0.0078919333727944,2.2806888730813712,0.0203571205269679,0.9807793944865316,0.0001054775570522
S2_rain,Low,E5_full_fusion,E5_full_fusion_xgboost,3,5,2769.0,1.8925404422934968,0.0243674430609854,3.528903225426504,0.0217440476994059,2.8022512465278497,0.0257399782915381,0.9702234479889158,0.0003684093040009
S2_rain,Low,E5_full_fusion,E5_full_fusion_xgboost,6,5,2911.0,2.204474836546272,0.0123980363002362,3.886679422954547,0.0194228646496,3.136706176009586,0.0116732185660762,0.9620384145925152,0.0003795763490483
S7_elevated_aod,High,E1_traffic_only,E1_traffic_only_xgboost,1,5,1564.0,0.8980971067254604,0.0069831200477178,2.728753379117512,0.0106649063646441,1.010987034756753,0.0077427595164004,0.8645578965914036,0.0010576434872183
S7_elevated_aod,High,E1_traffic_only,E1_traffic_only_xgboost,3,5,1509.0,1.122960942603116,0.0079687151116754,2.947968251127583,0.0108783333063845,1.2312745455240317,0.0088259222656182,0.8554947276311251,0.0010679295293014
S7_elevated_aod,High,E1_traffic_only,E1_traffic_only_xgboost,6,5,1393.0,0.91594770714038,0.0036905915788051,2.8069820663522598,0.0083742669903219,1.0038659598176074,0.0036467237614753,0.8710749328121554,0.0007698494605097
S7_elevated_aod,High,E3_meteorology,E3_meteorology_aware_xgboost,1,5,1564.0,0.8376174562524141,0.0092060545865535,2.666099625197478,0.01185651488615,0.946830129209004,0.010422016103447,0.8707056853465875,0.0011482850302741
S7_elevated_aod,High,E3_meteorology,E3_meteorology_aware_xgboost,3,5,1509.0,1.1093426285818075,0.0174289469983147,2.889371849014301,0.0091119556317487,1.2164975864993266,0.0184793229439873,0.8611826697864997,0.000875065261981
S7_elevated_aod,High,E3_meteorology,E3_meteorology_aware_xgboost,6,5,1393.0,1.0219624503145497,0.0173568522507124,2.675774452532758,0.0192450201232645,1.115938455227697,0.0191213353433019,0.8828419927172003,0.0016846270515093
S7_elevated_aod,High,E4_atmospheric,E4_atmospheric_context_xgboost,1,5,1564.0,1.0570175409926783,0.0463717734735533,2.672687853619787,0.0524381764682698,1.1676544590449247,0.0488157628467055,0.870027936971713,0.005144478498682
S7_elevated_aod,High,E4_atmospheric,E4_atmospheric_context_xgboost,3,5,1509.0,1.079582066385325,0.0407198377235192,2.747827996346213,0.0323201593188008,1.1723425116143444,0.0411310119377589,0.8744373393135229,0.002958438669572
S7_elevated_aod,High,E4_atmospheric,E4_atmospheric_context_xgboost,6,5,1393.0,0.9204413106151104,0.0232446618918499,2.6928035497915133,0.0149402560467861,1.006520329794393,0.0242071498377968,0.8813480075914413,0.0013153507318038
S7_elevated_aod,High,E5_full_fusion,E5_full_fusion_xgboost,1,5,1564.0,0.9509230586878784,0.0308020052522018,2.6559861145959047,0.004067458115901,1.0599679917414568,0.0317906988010319,0.8716865373739472,0.0003930272254299
S7_elevated_aod,High,E5_full_fusion,E5_full_fusion_xgboost,3,5,1509.0,1.0707105406973307,0.0174907928290243,2.7544505274767945,0.0150303809579005,1.163567708364311,0.0173466817366389,0.8738423309768797,0.0013753345308805
S7_elevated_aod,High,E5_full_fusion,E5_full_fusion_xgboost,6,5,1393.0,0.9575039277780736,0.0125305631072591,2.5636937237222166,0.0224680776934985,1.0476095100122138,0.0125141688317733,0.8924491212695168,0.0018884015732238
S7_elevated_aod,Medium,E1_traffic_only,E1_traffic_only_xgboost,1,5,591.0,0.7449498679499402,0.0067826506846869,1.7395979825306884,0.0132520983506659,0.9699469366643424,0.0079701633158366,0.9890523112510128,0.0001668303874326
S7_elevated_aod,Medium,E1_traffic_only,E1_traffic_only_xgboost,3,5,571.0,1.052340807806172,0.0044714759048886,2.219362859208031,0.0041000190234584,1.498532601864553,0.0078720632681085,0.9840549948295892,5.8846436438261337e-05
S7_elevated_aod,Medium,E1_traffic_only,E1_traffic_only_xgboost,6,5,547.0,0.906454249724319,0.0091299126349348,2.1978363321265726,0.0152138911928164,1.2062259822587964,0.0109847068836605,0.9825186001219786,0.0002422301098257
S7_elevated_aod,Medium,E3_meteorology,E3_meteorology_aware_xgboost,1,5,591.0,0.7375227750120901,0.0124767132700084,1.7292386018212866,0.0106647167646614,0.9616774246859698,0.0160464884506799,0.989182483981242,0.0001330516347502
S7_elevated_aod,Medium,E3_meteorology,E3_meteorology_aware_xgboost,3,5,571.0,1.0993815674255694,0.0149464742742226,2.2000217939919366,0.0289548258440243,1.5539666354673225,0.0187871564453972,0.9843295670952582,0.0004115844851268
S7_elevated_aod,Medium,E3_meteorology,E3_meteorology_aware_xgboost,6,5,547.0,0.9492362097368816,0.0111823178659564,2.104951545946274,0.0288284369882608,1.2415116967830029,0.0137001829235598,0.983963180838372,0.0004397299590362
S7_elevated_aod,Medium,E4_atmospheric,E4_atmospheric_context_xgboost,1,5,591.0,0.830125736638912,0.0087034566872035,1.7702578098104618,0.0111240628913956,1.0734826929979613,0.0104256309651103,0.9886631801390952,0.0001427461486553
S7_elevated_aod,Medium,E4_atmospheric,E4_atmospheric_context_xgboost,3,5,571.0,1.1190085692219198,0.0121761839111411,2.2515097283307184,0.0318720351191091,1.5716160180167351,0.0204681807752233,0.9835871453722002,0.0004670486030836
S7_elevated_aod,Medium,E4_atmospheric,E4_atmospheric_context_xgboost,6,5,547.0,0.8798841454356564,0.015129921466906,2.03940402049946,0.0213625787297935,1.159772835419886,0.016312878538256,0.9849473305354244,0.0003140318683189
S7_elevated_aod,Medium,E5_full_fusion,E5_full_fusion_xgboost,1,5,591.0,0.7744101776622206,0.0077331147858772,1.7128401035174037,0.0052544471904681,0.99994901699383,0.0104562348852549,0.9893869208304156,6.515422950418252e-05
S7_elevated_aod,Medium,E5_full_fusion,E5_full_fusion_xgboost,3,5,571.0,1.158525370048349,0.0196362487066766,2.2910839240398584,0.0268919186861044,1.6349654320491058,0.0277696315370239,0.9830059570627506,0.0003991482599855
S7_elevated_aod,Medium,E5_full_fusion,E5_full_fusion_xgboost,6,5,547.0,0.937184145391024,0.0053865068171574,2.0679239619073138,0.0120861325855088,1.2232088959494267,0.0069907391991106,0.9845243156951616,0.0001810041560262
S7_elevated_aod,Low,E1_traffic_only,E1_traffic_only_xgboost,1,5,1393.0,1.5982031856846313,0.0028904903953586,3.1930023482398937,0.0291031554665579,2.40985829732506,0.0023247256112396,0.976385922746297,0.0004287086869565
S7_elevated_aod,Low,E1_traffic_only,E1_traffic_only_xgboost,3,5,1437.0,1.937271969944992,0.0157940507286612,3.816917966878486,0.0214482324439602,3.0419973864043413,0.0180726834182865,0.9657557035340878,0.0003853826904672
S7_elevated_aod,Low,E1_traffic_only,E1_traffic_only_xgboost,6,5,1552.0,2.157409624709296,0.0348331584714014,3.932514798728064,0.0696248863985783,3.316588345550018,0.0596159379260343,0.9637925969882416,0.0012789273445409
S7_elevated_aod,Low,E3_meteorology,E3_meteorology_aware_xgboost,1,5,1393.0,1.6343300094659263,0.0103278133931679,3.255358897500078,0.0156966263667759,2.454601617469082,0.011369524924582,0.9754557667243337,0.0002372446032889
S7_elevated_aod,Low,E3_meteorology,E3_meteorology_aware_xgboost,3,5,1437.0,1.867281911766355,0.0088047719305118,3.68022304864449,0.0148233253162289,2.9152434958029807,0.0219964214757332,0.9681649494539034,0.00025603778325
S7_elevated_aod,Low,E3_meteorology,E3_meteorology_aware_xgboost,6,5,1552.0,2.2531470742831936,0.0101919322131253,3.981379009330232,0.0279830857913711,3.384034065133233,0.0136482676450086,0.962895040879619,0.0005228050125277
S7_elevated_aod,Low,E4_atmospheric,E4_atmospheric_context_xgboost,1,5,1393.0,1.70572960591824,0.0327253258083099,3.259622369742372,0.0140178439878109,2.559553494365389,0.0381091204184364,0.9753915281582012,0.0002117534452637
S7_elevated_aod,Low,E4_atmospheric,E4_atmospheric_context_xgboost,3,5,1437.0,1.8774269933662957,0.016263344170759,3.6991082625265,0.0221103849446084,2.893572963396699,0.0204528698482296,0.96783688361792,0.0003851072883359
S7_elevated_aod,Low,E4_atmospheric,E4_atmospheric_context_xgboost,6,5,1552.0,2.019748383617073,0.0074513866928135,3.79080113367388,0.0285232180442311,3.0914933066010564,0.0125931178080123,0.9663620575535676,0.0005070251746175
S7_elevated_aod,Low,E5_full_fusion,E5_full_fusion_xgboost,1,5,1393.0,1.706294880593385,0.0200426861422498,3.2504783170232634,0.016356470100408,2.566779292751089,0.0187584164092267,0.9755292666372708,0.000246232353413
S7_elevated_aod,Low,E5_full_fusion,E5_full_fusion_xgboost,3,5,1437.0,1.9479684480805597,0.0168922085014346,3.7003386792336928,0.0236339555008106,2.993529201290164,0.023729248404016,0.9678153530922188,0.0004122116136596
S7_elevated_aod,Low,E5_full_fusion,E5_full_fusion_xgboost,6,5,1552.0,2.0539052240627327,0.0204864795542687,3.71942146252982,0.0282438128642548,3.1226092477046348,0.0303783835846711,0.9676168889641444,0.0004923594301082
S8_rain_elevated_atmospheric_pollution,High,E1_traffic_only,E1_traffic_only_xgboost,1,5,736.0,0.4797768516816956,0.0114469600104151,1.4870910284991905,0.0080136632871919,0.5741071188042045,0.0130687696814968,0.9490205365466944,0.0005503389371087
S8_rain_elevated_atmospheric_pollution,High,E1_traffic_only,E1_traffic_only_xgboost,3,5,725.0,1.1041262708642017,0.0147247149078903,2.8862441786833744,0.0245545585052674,1.2184606240511977,0.0166768654310473,0.854148208000885,0.0024821272711567
S8_rain_elevated_atmospheric_pollution,High,E1_traffic_only,E1_traffic_only_xgboost,6,5,689.0,0.9476335175785976,0.0064680121446561,2.098281564981064,0.0191306350893059,1.032957268739471,0.0069165263361155,0.9115222952474852,0.0016178145184599
S8_rain_elevated_atmospheric_pollution,High,E3_meteorology,E3_meteorology_aware_xgboost,1,5,736.0,0.4451648117839427,0.0083661024851518,1.437454215049883,0.0179007289113782,0.5397416145062943,0.0112106637238806,0.9523621687094466,0.0011879198458232
S8_rain_elevated_atmospheric_pollution,High,E3_meteorology,E3_meteorology_aware_xgboost,3,5,725.0,1.096874699735093,0.0233587116803812,2.815114181301177,0.0250718943611772,1.214523739126472,0.0254752358231632,0.8612477383556438,0.0024756406482005
S8_rain_elevated_atmospheric_pollution,High,E3_meteorology,E3_meteorology_aware_xgboost,6,5,689.0,1.0853970952580734,0.0294546184937968,2.0284780502993067,0.0369839056785133,1.175660960672953,0.0325244248990487,0.9172946617653096,0.0030336385555936
S8_rain_elevated_atmospheric_pollution,High,E4_atmospheric,E4_atmospheric_context_xgboost,1,5,736.0,0.6883115910101628,0.0494906386765876,1.58254865903662,0.0744642418672964,0.7877578504803965,0.0525360095699099,0.9421647313633076,0.0055979632694665
S8_rain_elevated_atmospheric_pollution,High,E4_atmospheric,E4_atmospheric_context_xgboost,3,5,725.0,1.0622838836319146,0.0450847398130412,2.650779719441016,0.0508788825790768,1.1741495014478005,0.0458828632286694,0.8769459983542603,0.0047381681781922
S8_rain_elevated_atmospheric_pollution,High,E4_atmospheric,E4_atmospheric_context_xgboost,6,5,689.0,0.9023649506368208,0.037363776265089,1.8622532759643868,0.0184689774928078,0.9801425342555034,0.0383607364191839,0.930307008968346,0.0013814705327446
S8_rain_elevated_atmospheric_pollution,High,E5_full_fusion,E5_full_fusion_xgboost,1,5,736.0,0.5934521101523137,0.0426475579889481,1.5022996543686618,0.0223181278734664,0.6942318357770022,0.0442647857645087,0.9479644833531616,0.0015445444564399
S8_rain_elevated_atmospheric_pollution,High,E5_full_fusion,E5_full_fusion_xgboost,3,5,725.0,1.0704686602011495,0.0168027220718951,2.652037741106144,0.030086733647637,1.1832723667429113,0.015893875664552,0.8768527839568641,0.0027954831762182
S8_rain_elevated_atmospheric_pollution,High,E5_full_fusion,E5_full_fusion_xgboost,6,5,689.0,0.996912789310184,0.0223129730288905,1.9021014974093693,0.0150340510325335,1.083073026866097,0.0230960155058067,0.9272946252128992,0.0011536763135461
S8_rain_elevated_atmospheric_pollution,Medium,E1_traffic_only,E1_traffic_only_xgboost,1,5,388.0,0.6483340037237737,0.0113790772425161,1.3705849131251329,0.0266650140913487,0.8987939381357999,0.015257210778162,0.9938605260710058,0.0002394433260012
S8_rain_elevated_atmospheric_pollution,Medium,E1_traffic_only,E1_traffic_only_xgboost,3,5,382.0,0.9110532990300844,0.0074481743231871,1.8473049411949591,0.0108247523588553,1.3554763849708558,0.0146768059621019,0.9898643389803584,0.0001192331059671
S8_rain_elevated_atmospheric_pollution,Medium,E1_traffic_only,E1_traffic_only_xgboost,6,5,377.0,0.842190888368588,0.016495097705305,2.041823484396581,0.0144341165324361,1.1169994981373232,0.0172254317968313,0.98581427160162,0.0002004715774979
S8_rain_elevated_atmospheric_pollution,Medium,E3_meteorology,E3_meteorology_aware_xgboost,1,5,388.0,0.6747452942366452,0.0095112385605057,1.4049263175647222,0.0067451591705957,0.9372530929522432,0.0120668048889732,0.9935508439802708,6.180764009217043e-05
S8_rain_elevated_atmospheric_pollution,Medium,E3_meteorology,E3_meteorology_aware_xgboost,3,5,382.0,0.9906366977392066,0.0119539558572959,1.9059183618700104,0.0269787908851033,1.4550119031274034,0.0144178291691106,0.9892095100907896,0.0003051328408891
S8_rain_elevated_atmospheric_pollution,Medium,E3_meteorology,E3_meteorology_aware_xgboost,6,5,377.0,0.8799845957734961,0.0088954389372967,1.9807585744565377,0.0170588992630475,1.1457682257740216,0.0086837383203791,0.9866498314978864,0.0002294398100088
S8_rain_elevated_atmospheric_pollution,Medium,E4_atmospheric,E4_atmospheric_context_xgboost,1,5,388.0,0.7067470924141481,0.0101645282783605,1.4081000096754888,0.0157124836834368,0.9774310198795682,0.0116631909709115,0.9935211482694086,0.0001446275824993
S8_rain_elevated_atmospheric_pollution,Medium,E4_atmospheric,E4_atmospheric_context_xgboost,3,5,382.0,1.0098772178769737,0.022903440092864,2.0167074954171715,0.0542474847633033,1.4830142686134118,0.0344789405650365,0.9879135125356184,0.0006493954139553
S8_rain_elevated_atmospheric_pollution,Medium,E4_atmospheric,E4_atmospheric_context_xgboost,6,5,377.0,0.7901500469177408,0.0151706426441211,1.8404586566122845,0.0228907197858519,1.0200496863289703,0.0180732630426915,0.9884733325677614,0.0002864979479046
S8_rain_elevated_atmospheric_pollution,Medium,E5_full_fusion,E5_full_fusion_xgboost,1,5,388.0,0.7053669932781625,0.0164862092472193,1.388128381084151,0.0293853175111147,0.9696033686680284,0.0243188207463514,0.9937019991594156,0.0002666881004846
S8_rain_elevated_atmospheric_pollution,Medium,E5_full_fusion,E5_full_fusion_xgboost,3,5,382.0,1.0786739402624534,0.0165177369057339,2.085342160544394,0.0150633786078689,1.5808408322738554,0.0218908843639834,0.9870837709006968,0.0001866179138125
S8_rain_elevated_atmospheric_pollution,Medium,E5_full_fusion,E5_full_fusion_xgboost,6,5,377.0,0.8603295202280545,0.0094477896145194,1.906284513219736,0.0137954743885935,1.102821283245898,0.0093821347012114,0.987635073941353,0.0001783471876092
S8_rain_elevated_atmospheric_pollution,Low,E1_traffic_only,E1_traffic_only_xgboost,1,5,793.0,1.3809029735101777,0.0098099668792442,3.17678983495704,0.021467699546581,2.201896833700705,0.0154390975563636,0.9768629633873308,0.0003119883509384
S8_rain_elevated_atmospheric_pollution,Low,E1_traffic_only,E1_traffic_only_xgboost,3,5,867.0,2.0386260528740445,0.0286657704124549,4.060226907864587,0.034623533985447,3.2414646809826078,0.0372802602408331,0.9627991117204454,0.0006349460059311
S8_rain_elevated_atmospheric_pollution,Low,E1_traffic_only,E1_traffic_only_xgboost,6,5,1015.0,2.6852422126055937,0.0481529515605715,4.634467199063543,0.0870063641037119,4.104956441213192,0.0815793888498303,0.9518407583009668,0.0018031333704846
S8_rain_elevated_atmospheric_pollution,Low,E3_meteorology,E3_meteorology_aware_xgboost,1,5,793.0,1.421275574731045,0.009354310411302,3.263425140487061,0.0181970707277141,2.2694542405730878,0.0186757100172481,0.9755840845953924,0.0002727488500832
S8_rain_elevated_atmospheric_pollution,Low,E3_meteorology,E3_meteorology_aware_xgboost,3,5,867.0,1.9691867982364992,0.0116081557458804,3.968382678804816,0.0172932336164279,3.1517009002765057,0.027343224780871,0.9644646068747106,0.0003090430883882
S8_rain_elevated_atmospheric_pollution,Low,E3_meteorology,E3_meteorology_aware_xgboost,6,5,1015.0,2.875097235067333,0.0158696604708185,4.725149657623584,0.0314861758755575,4.307047550790529,0.0214301721225419,0.9499499932819968,0.0006685597211945
S8_rain_elevated_atmospheric_pollution,Low,E4_atmospheric,E4_atmospheric_context_xgboost,1,5,793.0,1.524654893847061,0.0371722191093132,3.2570084206607826,0.0161815953321509,2.3870909664722686,0.0383384912959354,0.9756801306312988,0.0002420555971862
S8_rain_elevated_atmospheric_pollution,Low,E4_atmospheric,E4_atmospheric_context_xgboost,3,5,867.0,1.98343661057862,0.020903487111182,3.963683659092432,0.0228096641300048,3.1192532560928243,0.0297889953015598,0.9645483123768523,0.0004079603025712
S8_rain_elevated_atmospheric_pollution,Low,E4_atmospheric,E4_atmospheric_context_xgboost,6,5,1015.0,2.5690607380984454,0.0164897679705706,4.554955488739876,0.0344806421076782,3.9417297425288647,0.02584142406448,0.9534900620188936,0.0007059992782791
S8_rain_elevated_atmospheric_pollution,Low,E5_full_fusion,E5_full_fusion_xgboost,1,5,793.0,1.5610492986909177,0.0311045237425068,3.2383482069410343,0.0116991996788157,2.4357952610569944,0.0374827795144032,0.9759582252613244,0.0001738967196144
S8_rain_elevated_atmospheric_pollution,Low,E5_full_fusion,E5_full_fusion_xgboost,3,5,867.0,2.08280720811585,0.024906405585853,3.955304849185578,0.0255559068801693,3.242315376278807,0.0323128557235565,0.9646977924935054,0.0004571859822065
S8_rain_elevated_atmospheric_pollution,Low,E5_full_fusion,E5_full_fusion_xgboost,6,5,1015.0,2.6055296568721777,0.0250526218762124,4.464371348305702,0.0180899178657273,3.965998468890097,0.0384243393682358,0.9553230100125238,0.0003624095278825
