variant,horizon,seed,sample_count,reference_count,sample_id_sha256,reference_sha256,status
M0_traffic_only,1,42,13641,13641,939f12b7e6fc96602664c3eb6049947274ccbad17789c5b0f9f77202efeb330a,939f12b7e6fc96602664c3eb6049947274ccbad17789c5b0f9f77202efeb330a,PASS
M0_traffic_only,1,2025,13641,13641,939f12b7e6fc96602664c3eb6049947274ccbad17789c5b0f9f77202efeb330a,939f12b7e6fc96602664c3eb6049947274ccbad17789c5b0f9f77202efeb330a,PASS
M0_traffic_only,1,20260623,13641,13641,939f12b7e6fc96602664c3eb6049947274ccbad17789c5b0f9f77202efeb330a,939f12b7e6fc96602664c3eb6049947274ccbad17789c5b0f9f77202efeb330a,PASS
M0_traffic_only,1,20260715,13641,13641,939f12b7e6fc96602664c3eb6049947274ccbad17789c5b0f9f77202efeb330a,939f12b7e6fc96602664c3eb6049947274ccbad17789c5b0f9f77202efeb330a,PASS
M0_traffic_only,1,20260718,13641,13641,939f12b7e6fc96602664c3eb6049947274ccbad17789c5b0f9f77202efeb330a,939f12b7e6fc96602664c3eb6049947274ccbad17789c5b0f9f77202efeb330a,PASS
M0_traffic_only,3,42,13539,13539,9a3a9b9dbc9310a8dc816d1ebf97c8e6c002a848ee99c6924ba46b51154c7715,9a3a9b9dbc9310a8dc816d1ebf97c8e6c002a848ee99c6924ba46b51154c7715,PASS
M0_traffic_only,3,2025,13539,13539,9a3a9b9dbc9310a8dc816d1ebf97c8e6c002a848ee99c6924ba46b51154c7715,9a3a9b9dbc9310a8dc816d1ebf97c8e6c002a848ee99c6924ba46b51154c7715,PASS
M0_traffic_only,3,20260623,13539,13539,9a3a9b9dbc9310a8dc816d1ebf97c8e6c002a848ee99c6924ba46b51154c7715,9a3a9b9dbc9310a8dc816d1ebf97c8e6c002a848ee99c6924ba46b51154c7715,PASS
M0_traffic_only,3,20260715,13539,13539,9a3a9b9dbc9310a8dc816d1ebf97c8e6c002a848ee99c6924ba46b51154c7715,9a3a9b9dbc9310a8dc816d1ebf97c8e6c002a848ee99c6924ba46b51154c7715,PASS
M0_traffic_only,3,20260718,13539,13539,9a3a9b9dbc9310a8dc816d1ebf97c8e6c002a848ee99c6924ba46b51154c7715,9a3a9b9dbc9310a8dc816d1ebf97c8e6c002a848ee99c6924ba46b51154c7715,PASS
M0_traffic_only,6,42,13387,13387,259674dfb74cd79141d025a41431c3ee661df8a4d4cdf25f8c168d86f46d8cf5,259674dfb74cd79141d025a41431c3ee661df8a4d4cdf25f8c168d86f46d8cf5,PASS
M0_traffic_only,6,2025,13387,13387,259674dfb74cd79141d025a41431c3ee661df8a4d4cdf25f8c168d86f46d8cf5,259674dfb74cd79141d025a41431c3ee661df8a4d4cdf25f8c168d86f46d8cf5,PASS
M0_traffic_only,6,20260623,13387,13387,259674dfb74cd79141d025a41431c3ee661df8a4d4cdf25f8c168d86f46d8cf5,259674dfb74cd79141d025a41431c3ee661df8a4d4cdf25f8c168d86f46d8cf5,PASS
M0_traffic_only,6,20260715,13387,13387,259674dfb74cd79141d025a41431c3ee661df8a4d4cdf25f8c168d86f46d8cf5,259674dfb74cd79141d025a41431c3ee661df8a4d4cdf25f8c168d86f46d8cf5,PASS
M0_traffic_only,6,20260718,13387,13387,259674dfb74cd79141d025a41431c3ee661df8a4d4cdf25f8c168d86f46d8cf5,259674dfb74cd79141d025a41431c3ee661df8a4d4cdf25f8c168d86f46d8cf5,PASS
M1_temperature,1,42,13641,13641,939f12b7e6fc96602664c3eb6049947274ccbad17789c5b0f9f77202efeb330a,939f12b7e6fc96602664c3eb6049947274ccbad17789c5b0f9f77202efeb330a,PASS
M1_temperature,1,2025,13641,13641,939f12b7e6fc96602664c3eb6049947274ccbad17789c5b0f9f77202efeb330a,939f12b7e6fc96602664c3eb6049947274ccbad17789c5b0f9f77202efeb330a,PASS
M1_temperature,1,20260623,13641,13641,939f12b7e6fc96602664c3eb6049947274ccbad17789c5b0f9f77202efeb330a,939f12b7e6fc96602664c3eb6049947274ccbad17789c5b0f9f77202efeb330a,PASS
M1_temperature,1,20260715,13641,13641,939f12b7e6fc96602664c3eb6049947274ccbad17789c5b0f9f77202efeb330a,939f12b7e6fc96602664c3eb6049947274ccbad17789c5b0f9f77202efeb330a,PASS
M1_temperature,1,20260718,13641,13641,939f12b7e6fc96602664c3eb6049947274ccbad17789c5b0f9f77202efeb330a,939f12b7e6fc96602664c3eb6049947274ccbad17789c5b0f9f77202efeb330a,PASS
M1_temperature,3,42,13539,13539,9a3a9b9dbc9310a8dc816d1ebf97c8e6c002a848ee99c6924ba46b51154c7715,9a3a9b9dbc9310a8dc816d1ebf97c8e6c002a848ee99c6924ba46b51154c7715,PASS
M1_temperature,3,2025,13539,13539,9a3a9b9dbc9310a8dc816d1ebf97c8e6c002a848ee99c6924ba46b51154c7715,9a3a9b9dbc9310a8dc816d1ebf97c8e6c002a848ee99c6924ba46b51154c7715,PASS
M1_temperature,3,20260623,13539,13539,9a3a9b9dbc9310a8dc816d1ebf97c8e6c002a848ee99c6924ba46b51154c7715,9a3a9b9dbc9310a8dc816d1ebf97c8e6c002a848ee99c6924ba46b51154c7715,PASS
M1_temperature,3,20260715,13539,13539,9a3a9b9dbc9310a8dc816d1ebf97c8e6c002a848ee99c6924ba46b51154c7715,9a3a9b9dbc9310a8dc816d1ebf97c8e6c002a848ee99c6924ba46b51154c7715,PASS
M1_temperature,3,20260718,13539,13539,9a3a9b9dbc9310a8dc816d1ebf97c8e6c002a848ee99c6924ba46b51154c7715,9a3a9b9dbc9310a8dc816d1ebf97c8e6c002a848ee99c6924ba46b51154c7715,PASS
M1_temperature,6,42,13387,13387,259674dfb74cd79141d025a41431c3ee661df8a4d4cdf25f8c168d86f46d8cf5,259674dfb74cd79141d025a41431c3ee661df8a4d4cdf25f8c168d86f46d8cf5,PASS
M1_temperature,6,2025,13387,13387,259674dfb74cd79141d025a41431c3ee661df8a4d4cdf25f8c168d86f46d8cf5,259674dfb74cd79141d025a41431c3ee661df8a4d4cdf25f8c168d86f46d8cf5,PASS
M1_temperature,6,20260623,13387,13387,259674dfb74cd79141d025a41431c3ee661df8a4d4cdf25f8c168d86f46d8cf5,259674dfb74cd79141d025a41431c3ee661df8a4d4cdf25f8c168d86f46d8cf5,PASS
M1_temperature,6,20260715,13387,13387,259674dfb74cd79141d025a41431c3ee661df8a4d4cdf25f8c168d86f46d8cf5,259674dfb74cd79141d025a41431c3ee661df8a4d4cdf25f8c168d86f46d8cf5,PASS
M1_temperature,6,20260718,13387,13387,259674dfb74cd79141d025a41431c3ee661df8a4d4cdf25f8c168d86f46d8cf5,259674dfb74cd79141d025a41431c3ee661df8a4d4cdf25f8c168d86f46d8cf5,PASS
M2_humidity_dew_point,1,42,13641,13641,939f12b7e6fc96602664c3eb6049947274ccbad17789c5b0f9f77202efeb330a,939f12b7e6fc96602664c3eb6049947274ccbad17789c5b0f9f77202efeb330a,PASS
M2_humidity_dew_point,1,2025,13641,13641,939f12b7e6fc96602664c3eb6049947274ccbad17789c5b0f9f77202efeb330a,939f12b7e6fc96602664c3eb6049947274ccbad17789c5b0f9f77202efeb330a,PASS
M2_humidity_dew_point,1,20260623,13641,13641,939f12b7e6fc96602664c3eb6049947274ccbad17789c5b0f9f77202efeb330a,939f12b7e6fc96602664c3eb6049947274ccbad17789c5b0f9f77202efeb330a,PASS
M2_humidity_dew_point,1,20260715,13641,13641,939f12b7e6fc96602664c3eb6049947274ccbad17789c5b0f9f77202efeb330a,939f12b7e6fc96602664c3eb6049947274ccbad17789c5b0f9f77202efeb330a,PASS
M2_humidity_dew_point,1,20260718,13641,13641,939f12b7e6fc96602664c3eb6049947274ccbad17789c5b0f9f77202efeb330a,939f12b7e6fc96602664c3eb6049947274ccbad17789c5b0f9f77202efeb330a,PASS
M2_humidity_dew_point,3,42,13539,13539,9a3a9b9dbc9310a8dc816d1ebf97c8e6c002a848ee99c6924ba46b51154c7715,9a3a9b9dbc9310a8dc816d1ebf97c8e6c002a848ee99c6924ba46b51154c7715,PASS
M2_humidity_dew_point,3,2025,13539,13539,9a3a9b9dbc9310a8dc816d1ebf97c8e6c002a848ee99c6924ba46b51154c7715,9a3a9b9dbc9310a8dc816d1ebf97c8e6c002a848ee99c6924ba46b51154c7715,PASS
M2_humidity_dew_point,3,20260623,13539,13539,9a3a9b9dbc9310a8dc816d1ebf97c8e6c002a848ee99c6924ba46b51154c7715,9a3a9b9dbc9310a8dc816d1ebf97c8e6c002a848ee99c6924ba46b51154c7715,PASS
M2_humidity_dew_point,3,20260715,13539,13539,9a3a9b9dbc9310a8dc816d1ebf97c8e6c002a848ee99c6924ba46b51154c7715,9a3a9b9dbc9310a8dc816d1ebf97c8e6c002a848ee99c6924ba46b51154c7715,PASS
M2_humidity_dew_point,3,20260718,13539,13539,9a3a9b9dbc9310a8dc816d1ebf97c8e6c002a848ee99c6924ba46b51154c7715,9a3a9b9dbc9310a8dc816d1ebf97c8e6c002a848ee99c6924ba46b51154c7715,PASS
M2_humidity_dew_point,6,42,13387,13387,259674dfb74cd79141d025a41431c3ee661df8a4d4cdf25f8c168d86f46d8cf5,259674dfb74cd79141d025a41431c3ee661df8a4d4cdf25f8c168d86f46d8cf5,PASS
M2_humidity_dew_point,6,2025,13387,13387,259674dfb74cd79141d025a41431c3ee661df8a4d4cdf25f8c168d86f46d8cf5,259674dfb74cd79141d025a41431c3ee661df8a4d4cdf25f8c168d86f46d8cf5,PASS
M2_humidity_dew_point,6,20260623,13387,13387,259674dfb74cd79141d025a41431c3ee661df8a4d4cdf25f8c168d86f46d8cf5,259674dfb74cd79141d025a41431c3ee661df8a4d4cdf25f8c168d86f46d8cf5,PASS
M2_humidity_dew_point,6,20260715,13387,13387,259674dfb74cd79141d025a41431c3ee661df8a4d4cdf25f8c168d86f46d8cf5,259674dfb74cd79141d025a41431c3ee661df8a4d4cdf25f8c168d86f46d8cf5,PASS
M2_humidity_dew_point,6,20260718,13387,13387,259674dfb74cd79141d025a41431c3ee661df8a4d4cdf25f8c168d86f46d8cf5,259674dfb74cd79141d025a41431c3ee661df8a4d4cdf25f8c168d86f46d8cf5,PASS
M3_wind,1,42,13641,13641,939f12b7e6fc96602664c3eb6049947274ccbad17789c5b0f9f77202efeb330a,939f12b7e6fc96602664c3eb6049947274ccbad17789c5b0f9f77202efeb330a,PASS
M3_wind,1,2025,13641,13641,939f12b7e6fc96602664c3eb6049947274ccbad17789c5b0f9f77202efeb330a,939f12b7e6fc96602664c3eb6049947274ccbad17789c5b0f9f77202efeb330a,PASS
M3_wind,1,20260623,13641,13641,939f12b7e6fc96602664c3eb6049947274ccbad17789c5b0f9f77202efeb330a,939f12b7e6fc96602664c3eb6049947274ccbad17789c5b0f9f77202efeb330a,PASS
M3_wind,1,20260715,13641,13641,939f12b7e6fc96602664c3eb6049947274ccbad17789c5b0f9f77202efeb330a,939f12b7e6fc96602664c3eb6049947274ccbad17789c5b0f9f77202efeb330a,PASS
M3_wind,1,20260718,13641,13641,939f12b7e6fc96602664c3eb6049947274ccbad17789c5b0f9f77202efeb330a,939f12b7e6fc96602664c3eb6049947274ccbad17789c5b0f9f77202efeb330a,PASS
M3_wind,3,42,13539,13539,9a3a9b9dbc9310a8dc816d1ebf97c8e6c002a848ee99c6924ba46b51154c7715,9a3a9b9dbc9310a8dc816d1ebf97c8e6c002a848ee99c6924ba46b51154c7715,PASS
M3_wind,3,2025,13539,13539,9a3a9b9dbc9310a8dc816d1ebf97c8e6c002a848ee99c6924ba46b51154c7715,9a3a9b9dbc9310a8dc816d1ebf97c8e6c002a848ee99c6924ba46b51154c7715,PASS
M3_wind,3,20260623,13539,13539,9a3a9b9dbc9310a8dc816d1ebf97c8e6c002a848ee99c6924ba46b51154c7715,9a3a9b9dbc9310a8dc816d1ebf97c8e6c002a848ee99c6924ba46b51154c7715,PASS
M3_wind,3,20260715,13539,13539,9a3a9b9dbc9310a8dc816d1ebf97c8e6c002a848ee99c6924ba46b51154c7715,9a3a9b9dbc9310a8dc816d1ebf97c8e6c002a848ee99c6924ba46b51154c7715,PASS
M3_wind,3,20260718,13539,13539,9a3a9b9dbc9310a8dc816d1ebf97c8e6c002a848ee99c6924ba46b51154c7715,9a3a9b9dbc9310a8dc816d1ebf97c8e6c002a848ee99c6924ba46b51154c7715,PASS
M3_wind,6,42,13387,13387,259674dfb74cd79141d025a41431c3ee661df8a4d4cdf25f8c168d86f46d8cf5,259674dfb74cd79141d025a41431c3ee661df8a4d4cdf25f8c168d86f46d8cf5,PASS
M3_wind,6,2025,13387,13387,259674dfb74cd79141d025a41431c3ee661df8a4d4cdf25f8c168d86f46d8cf5,259674dfb74cd79141d025a41431c3ee661df8a4d4cdf25f8c168d86f46d8cf5,PASS
M3_wind,6,20260623,13387,13387,259674dfb74cd79141d025a41431c3ee661df8a4d4cdf25f8c168d86f46d8cf5,259674dfb74cd79141d025a41431c3ee661df8a4d4cdf25f8c168d86f46d8cf5,PASS
M3_wind,6,20260715,13387,13387,259674dfb74cd79141d025a41431c3ee661df8a4d4cdf25f8c168d86f46d8cf5,259674dfb74cd79141d025a41431c3ee661df8a4d4cdf25f8c168d86f46d8cf5,PASS
M3_wind,6,20260718,13387,13387,259674dfb74cd79141d025a41431c3ee661df8a4d4cdf25f8c168d86f46d8cf5,259674dfb74cd79141d025a41431c3ee661df8a4d4cdf25f8c168d86f46d8cf5,PASS
M4_pressure,1,42,13641,13641,939f12b7e6fc96602664c3eb6049947274ccbad17789c5b0f9f77202efeb330a,939f12b7e6fc96602664c3eb6049947274ccbad17789c5b0f9f77202efeb330a,PASS
M4_pressure,1,2025,13641,13641,939f12b7e6fc96602664c3eb6049947274ccbad17789c5b0f9f77202efeb330a,939f12b7e6fc96602664c3eb6049947274ccbad17789c5b0f9f77202efeb330a,PASS
M4_pressure,1,20260623,13641,13641,939f12b7e6fc96602664c3eb6049947274ccbad17789c5b0f9f77202efeb330a,939f12b7e6fc96602664c3eb6049947274ccbad17789c5b0f9f77202efeb330a,PASS
M4_pressure,1,20260715,13641,13641,939f12b7e6fc96602664c3eb6049947274ccbad17789c5b0f9f77202efeb330a,939f12b7e6fc96602664c3eb6049947274ccbad17789c5b0f9f77202efeb330a,PASS
M4_pressure,1,20260718,13641,13641,939f12b7e6fc96602664c3eb6049947274ccbad17789c5b0f9f77202efeb330a,939f12b7e6fc96602664c3eb6049947274ccbad17789c5b0f9f77202efeb330a,PASS
M4_pressure,3,42,13539,13539,9a3a9b9dbc9310a8dc816d1ebf97c8e6c002a848ee99c6924ba46b51154c7715,9a3a9b9dbc9310a8dc816d1ebf97c8e6c002a848ee99c6924ba46b51154c7715,PASS
M4_pressure,3,2025,13539,13539,9a3a9b9dbc9310a8dc816d1ebf97c8e6c002a848ee99c6924ba46b51154c7715,9a3a9b9dbc9310a8dc816d1ebf97c8e6c002a848ee99c6924ba46b51154c7715,PASS
M4_pressure,3,20260623,13539,13539,9a3a9b9dbc9310a8dc816d1ebf97c8e6c002a848ee99c6924ba46b51154c7715,9a3a9b9dbc9310a8dc816d1ebf97c8e6c002a848ee99c6924ba46b51154c7715,PASS
M4_pressure,3,20260715,13539,13539,9a3a9b9dbc9310a8dc816d1ebf97c8e6c002a848ee99c6924ba46b51154c7715,9a3a9b9dbc9310a8dc816d1ebf97c8e6c002a848ee99c6924ba46b51154c7715,PASS
M4_pressure,3,20260718,13539,13539,9a3a9b9dbc9310a8dc816d1ebf97c8e6c002a848ee99c6924ba46b51154c7715,9a3a9b9dbc9310a8dc816d1ebf97c8e6c002a848ee99c6924ba46b51154c7715,PASS
M4_pressure,6,42,13387,13387,259674dfb74cd79141d025a41431c3ee661df8a4d4cdf25f8c168d86f46d8cf5,259674dfb74cd79141d025a41431c3ee661df8a4d4cdf25f8c168d86f46d8cf5,PASS
M4_pressure,6,2025,13387,13387,259674dfb74cd79141d025a41431c3ee661df8a4d4cdf25f8c168d86f46d8cf5,259674dfb74cd79141d025a41431c3ee661df8a4d4cdf25f8c168d86f46d8cf5,PASS
M4_pressure,6,20260623,13387,13387,259674dfb74cd79141d025a41431c3ee661df8a4d4cdf25f8c168d86f46d8cf5,259674dfb74cd79141d025a41431c3ee661df8a4d4cdf25f8c168d86f46d8cf5,PASS
M4_pressure,6,20260715,13387,13387,259674dfb74cd79141d025a41431c3ee661df8a4d4cdf25f8c168d86f46d8cf5,259674dfb74cd79141d025a41431c3ee661df8a4d4cdf25f8c168d86f46d8cf5,PASS
M4_pressure,6,20260718,13387,13387,259674dfb74cd79141d025a41431c3ee661df8a4d4cdf25f8c168d86f46d8cf5,259674dfb74cd79141d025a41431c3ee661df8a4d4cdf25f8c168d86f46d8cf5,PASS
M5_cloud_boundary_layer_radiation,1,42,13641,13641,939f12b7e6fc96602664c3eb6049947274ccbad17789c5b0f9f77202efeb330a,939f12b7e6fc96602664c3eb6049947274ccbad17789c5b0f9f77202efeb330a,PASS
M5_cloud_boundary_layer_radiation,1,2025,13641,13641,939f12b7e6fc96602664c3eb6049947274ccbad17789c5b0f9f77202efeb330a,939f12b7e6fc96602664c3eb6049947274ccbad17789c5b0f9f77202efeb330a,PASS
M5_cloud_boundary_layer_radiation,1,20260623,13641,13641,939f12b7e6fc96602664c3eb6049947274ccbad17789c5b0f9f77202efeb330a,939f12b7e6fc96602664c3eb6049947274ccbad17789c5b0f9f77202efeb330a,PASS
M5_cloud_boundary_layer_radiation,1,20260715,13641,13641,939f12b7e6fc96602664c3eb6049947274ccbad17789c5b0f9f77202efeb330a,939f12b7e6fc96602664c3eb6049947274ccbad17789c5b0f9f77202efeb330a,PASS
M5_cloud_boundary_layer_radiation,1,20260718,13641,13641,939f12b7e6fc96602664c3eb6049947274ccbad17789c5b0f9f77202efeb330a,939f12b7e6fc96602664c3eb6049947274ccbad17789c5b0f9f77202efeb330a,PASS
M5_cloud_boundary_layer_radiation,3,42,13539,13539,9a3a9b9dbc9310a8dc816d1ebf97c8e6c002a848ee99c6924ba46b51154c7715,9a3a9b9dbc9310a8dc816d1ebf97c8e6c002a848ee99c6924ba46b51154c7715,PASS
M5_cloud_boundary_layer_radiation,3,2025,13539,13539,9a3a9b9dbc9310a8dc816d1ebf97c8e6c002a848ee99c6924ba46b51154c7715,9a3a9b9dbc9310a8dc816d1ebf97c8e6c002a848ee99c6924ba46b51154c7715,PASS
M5_cloud_boundary_layer_radiation,3,20260623,13539,13539,9a3a9b9dbc9310a8dc816d1ebf97c8e6c002a848ee99c6924ba46b51154c7715,9a3a9b9dbc9310a8dc816d1ebf97c8e6c002a848ee99c6924ba46b51154c7715,PASS
M5_cloud_boundary_layer_radiation,3,20260715,13539,13539,9a3a9b9dbc9310a8dc816d1ebf97c8e6c002a848ee99c6924ba46b51154c7715,9a3a9b9dbc9310a8dc816d1ebf97c8e6c002a848ee99c6924ba46b51154c7715,PASS
M5_cloud_boundary_layer_radiation,3,20260718,13539,13539,9a3a9b9dbc9310a8dc816d1ebf97c8e6c002a848ee99c6924ba46b51154c7715,9a3a9b9dbc9310a8dc816d1ebf97c8e6c002a848ee99c6924ba46b51154c7715,PASS
M5_cloud_boundary_layer_radiation,6,42,13387,13387,259674dfb74cd79141d025a41431c3ee661df8a4d4cdf25f8c168d86f46d8cf5,259674dfb74cd79141d025a41431c3ee661df8a4d4cdf25f8c168d86f46d8cf5,PASS
M5_cloud_boundary_layer_radiation,6,2025,13387,13387,259674dfb74cd79141d025a41431c3ee661df8a4d4cdf25f8c168d86f46d8cf5,259674dfb74cd79141d025a41431c3ee661df8a4d4cdf25f8c168d86f46d8cf5,PASS
M5_cloud_boundary_layer_radiation,6,20260623,13387,13387,259674dfb74cd79141d025a41431c3ee661df8a4d4cdf25f8c168d86f46d8cf5,259674dfb74cd79141d025a41431c3ee661df8a4d4cdf25f8c168d86f46d8cf5,PASS
M5_cloud_boundary_layer_radiation,6,20260715,13387,13387,259674dfb74cd79141d025a41431c3ee661df8a4d4cdf25f8c168d86f46d8cf5,259674dfb74cd79141d025a41431c3ee661df8a4d4cdf25f8c168d86f46d8cf5,PASS
M5_cloud_boundary_layer_radiation,6,20260718,13387,13387,259674dfb74cd79141d025a41431c3ee661df8a4d4cdf25f8c168d86f46d8cf5,259674dfb74cd79141d025a41431c3ee661df8a4d4cdf25f8c168d86f46d8cf5,PASS
M6_temperature_humidity,1,42,13641,13641,939f12b7e6fc96602664c3eb6049947274ccbad17789c5b0f9f77202efeb330a,939f12b7e6fc96602664c3eb6049947274ccbad17789c5b0f9f77202efeb330a,PASS
M6_temperature_humidity,1,2025,13641,13641,939f12b7e6fc96602664c3eb6049947274ccbad17789c5b0f9f77202efeb330a,939f12b7e6fc96602664c3eb6049947274ccbad17789c5b0f9f77202efeb330a,PASS
M6_temperature_humidity,1,20260623,13641,13641,939f12b7e6fc96602664c3eb6049947274ccbad17789c5b0f9f77202efeb330a,939f12b7e6fc96602664c3eb6049947274ccbad17789c5b0f9f77202efeb330a,PASS
M6_temperature_humidity,1,20260715,13641,13641,939f12b7e6fc96602664c3eb6049947274ccbad17789c5b0f9f77202efeb330a,939f12b7e6fc96602664c3eb6049947274ccbad17789c5b0f9f77202efeb330a,PASS
M6_temperature_humidity,1,20260718,13641,13641,939f12b7e6fc96602664c3eb6049947274ccbad17789c5b0f9f77202efeb330a,939f12b7e6fc96602664c3eb6049947274ccbad17789c5b0f9f77202efeb330a,PASS
M6_temperature_humidity,3,42,13539,13539,9a3a9b9dbc9310a8dc816d1ebf97c8e6c002a848ee99c6924ba46b51154c7715,9a3a9b9dbc9310a8dc816d1ebf97c8e6c002a848ee99c6924ba46b51154c7715,PASS
M6_temperature_humidity,3,2025,13539,13539,9a3a9b9dbc9310a8dc816d1ebf97c8e6c002a848ee99c6924ba46b51154c7715,9a3a9b9dbc9310a8dc816d1ebf97c8e6c002a848ee99c6924ba46b51154c7715,PASS
M6_temperature_humidity,3,20260623,13539,13539,9a3a9b9dbc9310a8dc816d1ebf97c8e6c002a848ee99c6924ba46b51154c7715,9a3a9b9dbc9310a8dc816d1ebf97c8e6c002a848ee99c6924ba46b51154c7715,PASS
M6_temperature_humidity,3,20260715,13539,13539,9a3a9b9dbc9310a8dc816d1ebf97c8e6c002a848ee99c6924ba46b51154c7715,9a3a9b9dbc9310a8dc816d1ebf97c8e6c002a848ee99c6924ba46b51154c7715,PASS
M6_temperature_humidity,3,20260718,13539,13539,9a3a9b9dbc9310a8dc816d1ebf97c8e6c002a848ee99c6924ba46b51154c7715,9a3a9b9dbc9310a8dc816d1ebf97c8e6c002a848ee99c6924ba46b51154c7715,PASS
M6_temperature_humidity,6,42,13387,13387,259674dfb74cd79141d025a41431c3ee661df8a4d4cdf25f8c168d86f46d8cf5,259674dfb74cd79141d025a41431c3ee661df8a4d4cdf25f8c168d86f46d8cf5,PASS
M6_temperature_humidity,6,2025,13387,13387,259674dfb74cd79141d025a41431c3ee661df8a4d4cdf25f8c168d86f46d8cf5,259674dfb74cd79141d025a41431c3ee661df8a4d4cdf25f8c168d86f46d8cf5,PASS
M6_temperature_humidity,6,20260623,13387,13387,259674dfb74cd79141d025a41431c3ee661df8a4d4cdf25f8c168d86f46d8cf5,259674dfb74cd79141d025a41431c3ee661df8a4d4cdf25f8c168d86f46d8cf5,PASS
M6_temperature_humidity,6,20260715,13387,13387,259674dfb74cd79141d025a41431c3ee661df8a4d4cdf25f8c168d86f46d8cf5,259674dfb74cd79141d025a41431c3ee661df8a4d4cdf25f8c168d86f46d8cf5,PASS
M6_temperature_humidity,6,20260718,13387,13387,259674dfb74cd79141d025a41431c3ee661df8a4d4cdf25f8c168d86f46d8cf5,259674dfb74cd79141d025a41431c3ee661df8a4d4cdf25f8c168d86f46d8cf5,PASS
M7_wind_boundary_layer,1,42,13641,13641,939f12b7e6fc96602664c3eb6049947274ccbad17789c5b0f9f77202efeb330a,939f12b7e6fc96602664c3eb6049947274ccbad17789c5b0f9f77202efeb330a,PASS
M7_wind_boundary_layer,1,2025,13641,13641,939f12b7e6fc96602664c3eb6049947274ccbad17789c5b0f9f77202efeb330a,939f12b7e6fc96602664c3eb6049947274ccbad17789c5b0f9f77202efeb330a,PASS
M7_wind_boundary_layer,1,20260623,13641,13641,939f12b7e6fc96602664c3eb6049947274ccbad17789c5b0f9f77202efeb330a,939f12b7e6fc96602664c3eb6049947274ccbad17789c5b0f9f77202efeb330a,PASS
M7_wind_boundary_layer,1,20260715,13641,13641,939f12b7e6fc96602664c3eb6049947274ccbad17789c5b0f9f77202efeb330a,939f12b7e6fc96602664c3eb6049947274ccbad17789c5b0f9f77202efeb330a,PASS
M7_wind_boundary_layer,1,20260718,13641,13641,939f12b7e6fc96602664c3eb6049947274ccbad17789c5b0f9f77202efeb330a,939f12b7e6fc96602664c3eb6049947274ccbad17789c5b0f9f77202efeb330a,PASS
M7_wind_boundary_layer,3,42,13539,13539,9a3a9b9dbc9310a8dc816d1ebf97c8e6c002a848ee99c6924ba46b51154c7715,9a3a9b9dbc9310a8dc816d1ebf97c8e6c002a848ee99c6924ba46b51154c7715,PASS
M7_wind_boundary_layer,3,2025,13539,13539,9a3a9b9dbc9310a8dc816d1ebf97c8e6c002a848ee99c6924ba46b51154c7715,9a3a9b9dbc9310a8dc816d1ebf97c8e6c002a848ee99c6924ba46b51154c7715,PASS
M7_wind_boundary_layer,3,20260623,13539,13539,9a3a9b9dbc9310a8dc816d1ebf97c8e6c002a848ee99c6924ba46b51154c7715,9a3a9b9dbc9310a8dc816d1ebf97c8e6c002a848ee99c6924ba46b51154c7715,PASS
M7_wind_boundary_layer,3,20260715,13539,13539,9a3a9b9dbc9310a8dc816d1ebf97c8e6c002a848ee99c6924ba46b51154c7715,9a3a9b9dbc9310a8dc816d1ebf97c8e6c002a848ee99c6924ba46b51154c7715,PASS
M7_wind_boundary_layer,3,20260718,13539,13539,9a3a9b9dbc9310a8dc816d1ebf97c8e6c002a848ee99c6924ba46b51154c7715,9a3a9b9dbc9310a8dc816d1ebf97c8e6c002a848ee99c6924ba46b51154c7715,PASS
M7_wind_boundary_layer,6,42,13387,13387,259674dfb74cd79141d025a41431c3ee661df8a4d4cdf25f8c168d86f46d8cf5,259674dfb74cd79141d025a41431c3ee661df8a4d4cdf25f8c168d86f46d8cf5,PASS
M7_wind_boundary_layer,6,2025,13387,13387,259674dfb74cd79141d025a41431c3ee661df8a4d4cdf25f8c168d86f46d8cf5,259674dfb74cd79141d025a41431c3ee661df8a4d4cdf25f8c168d86f46d8cf5,PASS
M7_wind_boundary_layer,6,20260623,13387,13387,259674dfb74cd79141d025a41431c3ee661df8a4d4cdf25f8c168d86f46d8cf5,259674dfb74cd79141d025a41431c3ee661df8a4d4cdf25f8c168d86f46d8cf5,PASS
M7_wind_boundary_layer,6,20260715,13387,13387,259674dfb74cd79141d025a41431c3ee661df8a4d4cdf25f8c168d86f46d8cf5,259674dfb74cd79141d025a41431c3ee661df8a4d4cdf25f8c168d86f46d8cf5,PASS
M7_wind_boundary_layer,6,20260718,13387,13387,259674dfb74cd79141d025a41431c3ee661df8a4d4cdf25f8c168d86f46d8cf5,259674dfb74cd79141d025a41431c3ee661df8a4d4cdf25f8c168d86f46d8cf5,PASS
M8_full_meteorology,1,42,13641,13641,939f12b7e6fc96602664c3eb6049947274ccbad17789c5b0f9f77202efeb330a,939f12b7e6fc96602664c3eb6049947274ccbad17789c5b0f9f77202efeb330a,PASS
M8_full_meteorology,1,2025,13641,13641,939f12b7e6fc96602664c3eb6049947274ccbad17789c5b0f9f77202efeb330a,939f12b7e6fc96602664c3eb6049947274ccbad17789c5b0f9f77202efeb330a,PASS
M8_full_meteorology,1,20260623,13641,13641,939f12b7e6fc96602664c3eb6049947274ccbad17789c5b0f9f77202efeb330a,939f12b7e6fc96602664c3eb6049947274ccbad17789c5b0f9f77202efeb330a,PASS
M8_full_meteorology,1,20260715,13641,13641,939f12b7e6fc96602664c3eb6049947274ccbad17789c5b0f9f77202efeb330a,939f12b7e6fc96602664c3eb6049947274ccbad17789c5b0f9f77202efeb330a,PASS
M8_full_meteorology,1,20260718,13641,13641,939f12b7e6fc96602664c3eb6049947274ccbad17789c5b0f9f77202efeb330a,939f12b7e6fc96602664c3eb6049947274ccbad17789c5b0f9f77202efeb330a,PASS
M8_full_meteorology,3,42,13539,13539,9a3a9b9dbc9310a8dc816d1ebf97c8e6c002a848ee99c6924ba46b51154c7715,9a3a9b9dbc9310a8dc816d1ebf97c8e6c002a848ee99c6924ba46b51154c7715,PASS
M8_full_meteorology,3,2025,13539,13539,9a3a9b9dbc9310a8dc816d1ebf97c8e6c002a848ee99c6924ba46b51154c7715,9a3a9b9dbc9310a8dc816d1ebf97c8e6c002a848ee99c6924ba46b51154c7715,PASS
M8_full_meteorology,3,20260623,13539,13539,9a3a9b9dbc9310a8dc816d1ebf97c8e6c002a848ee99c6924ba46b51154c7715,9a3a9b9dbc9310a8dc816d1ebf97c8e6c002a848ee99c6924ba46b51154c7715,PASS
M8_full_meteorology,3,20260715,13539,13539,9a3a9b9dbc9310a8dc816d1ebf97c8e6c002a848ee99c6924ba46b51154c7715,9a3a9b9dbc9310a8dc816d1ebf97c8e6c002a848ee99c6924ba46b51154c7715,PASS
M8_full_meteorology,3,20260718,13539,13539,9a3a9b9dbc9310a8dc816d1ebf97c8e6c002a848ee99c6924ba46b51154c7715,9a3a9b9dbc9310a8dc816d1ebf97c8e6c002a848ee99c6924ba46b51154c7715,PASS
M8_full_meteorology,6,42,13387,13387,259674dfb74cd79141d025a41431c3ee661df8a4d4cdf25f8c168d86f46d8cf5,259674dfb74cd79141d025a41431c3ee661df8a4d4cdf25f8c168d86f46d8cf5,PASS
M8_full_meteorology,6,2025,13387,13387,259674dfb74cd79141d025a41431c3ee661df8a4d4cdf25f8c168d86f46d8cf5,259674dfb74cd79141d025a41431c3ee661df8a4d4cdf25f8c168d86f46d8cf5,PASS
M8_full_meteorology,6,20260623,13387,13387,259674dfb74cd79141d025a41431c3ee661df8a4d4cdf25f8c168d86f46d8cf5,259674dfb74cd79141d025a41431c3ee661df8a4d4cdf25f8c168d86f46d8cf5,PASS
M8_full_meteorology,6,20260715,13387,13387,259674dfb74cd79141d025a41431c3ee661df8a4d4cdf25f8c168d86f46d8cf5,259674dfb74cd79141d025a41431c3ee661df8a4d4cdf25f8c168d86f46d8cf5,PASS
M8_full_meteorology,6,20260718,13387,13387,259674dfb74cd79141d025a41431c3ee661df8a4d4cdf25f8c168d86f46d8cf5,259674dfb74cd79141d025a41431c3ee661df8a4d4cdf25f8c168d86f46d8cf5,PASS
